filename,total_pages,new_start,new_end,new_pages,new_md_words,gt_words,coverage,jaccard,start_signals,end_signal,action,reason
ACME_Solar_Holdings_Ltd_.pdf,722,38,99,61,40794,40307,1.012,0.979,"high_degree_of_risk,internal_risk_factors_header,header_section_risk_factors,lose_all_or_part_investment",section_introduction,WROTE_NEW,certified_clean
AGS_Transact_Technologies_Ltd_.pdf,477,26,62,36,27823,27658,1.006,0.994,"high_degree_of_risk,internal_risk_factors_header,header_section_risk_factors,lose_all_or_part_investment",section_introduction,WROTE_NEW,certified_clean
ASK_Automotive_Ltd_.pdf,501,36,87,51,39958,38114,1.048,0.899,"high_degree_of_risk,header_section_risk_factors",section_introduction,WROTE_NEW,certified_clean
Aadhar_Housing_Finance_Ltd_.pdf,455,30,65,35,29573,28910,1.023,0.967,"high_degree_of_risk,internal_risk_factors_header,header_section_risk_factors,lose_all_or_part_investment",section_introduction,WROTE_NEW,certified_clean
Aastha_Spintex_Ltd_.pdf,412,24,66,42,29331,28949,1.013,0.996,"high_degree_of_risk,internal_risk_factors_header,header_section_risk_factors",section_introduction,WROTE_NEW,certified_clean
Abans_Holdings_Ltd_.pdf,371,26,66,40,29018,28853,1.006,0.945,"internal_risk_factors_header,carefully_consider_risks_described,header_section_risk_factors,lose_all_or_part_investment,material_adverse_effect_business",section_introduction,WROTE_NEW,certified_clean
Adani_Wilmar_Ltd_.pdf,363,22,49,27,25048,24913,1.005,0.995,"high_degree_of_risk,internal_risk_factors_header,header_section_risk_factors,lose_all_or_part_investment",section_introduction,WROTE_NEW,certified_clean
Aditya_Birla_Sun_Life_AMC_Ltd_.pdf,397,27,55,28,24260,24124,1.006,0.992,"high_degree_of_risk,internal_risk_factors_header,header_section_risk_factors,lose_all_or_part_investment",section_introduction,WROTE_NEW,certified_clean
Aditya_Infotech_Ltd_.pdf,545,40,115,75,46613,47370,0.984,0.944,"high_degree_of_risk,header_section_risk_factors,lose_all_or_part_investment",section_introduction,WROTE_NEW,certified_clean
Advance_Agrolife_Ltd_.pdf,488,35,41,6,2250,2182,1.031,0.956,"header_bare_risk_factors,material_adverse_effect_business",strict_next_section,WROTE_NEW,certified_clean
Advit_Jewels_Ltd_.pdf,467,26,81,55,33854,34755,0.974,0.953,"high_degree_of_risk,header_section_risk_factors,lose_all_or_part_investment",section_introduction,WROTE_NEW,certified_clean
Aegis_Vopak_Terminals_Ltd_.pdf,568,40,78,38,26995,27191,0.993,0.963,"high_degree_of_risk,internal_risk_factors_header,header_section_risk_factors,lose_all_or_part_investment",section_introduction,WROTE_NEW,certified_clean
Aequs_Ltd_.pdf,704,40,98,58,39266,39041,1.006,0.944,"high_degree_of_risk,internal_risk_factors_header,header_section_risk_factors,lose_all_or_part_investment",section_introduction,WROTE_NEW,certified_clean
Aeroflex_Industries_Ltd_.pdf,444,39,71,32,24275,24097,1.007,0.998,"high_degree_of_risk,header_bare_risk_factors,lose_all_or_part_investment",the_offer_bare,WROTE_NEW,certified_clean
Aether_Industries_Ltd_.pdf,398,27,60,33,28965,28776,1.007,1.0,"high_degree_of_risk,header_section_risk_factors,lose_all_or_part_investment",section_introduction,WROTE_NEW,certified_clean
Afcons_Infrastructure_Ltd_.pdf,764,43,108,65,40282,39560,1.018,0.962,"high_degree_of_risk,header_section_risk_factors,lose_all_or_part_investment",section_introduction,WROTE_NEW,certified_clean
Affle__India__Ltd_.pdf,578,19,50,31,20698,20520,1.009,0.957,"high_degree_of_risk,header_section_risk_factors,lose_all_or_part_investment",section_introduction,WROTE_NEW,certified_clean
Ajax_Engineering_Ltd_.pdf,403,31,68,37,30120,29829,1.01,0.966,"high_degree_of_risk,internal_risk_factors_header,header_section_risk_factors,lose_all_or_part_investment",section_introduction,WROTE_NEW,certified_clean
Akme_Fintrade__India__Ltd_.pdf,484,36,71,35,26144,25796,1.013,0.937,"high_degree_of_risk,internal_risk_factors_header,header_section_risk_factors,lose_all_or_part_investment",section_introduction,WROTE_NEW,certified_clean
Akums_Drugs___Pharmaceuticals_Ltd_.pdf,549,32,80,48,36848,36058,1.022,0.984,"high_degree_of_risk,internal_risk_factors_header,header_section_risk_factors,lose_all_or_part_investment",section_introduction,WROTE_NEW,certified_clean
All_Time_Plastics_Ltd_.pdf,560,28,36,8,3894,3783,1.029,0.887,"header_bare_risk_factors,material_adverse_effect_business",strict_next_section,WROTE_NEW,certified_clean
Allied_Blenders___Distillers_Ltd_.pdf,629,38,89,51,39305,38984,1.008,0.919,"high_degree_of_risk,header_section_risk_factors,lose_all_or_part_investment,material_adverse_effect_business",section_introduction,WROTE_NEW,certified_clean
Amagi_Media_Labs_Ltd_.pdf,517,59,97,38,33058,32416,1.02,0.972,"high_degree_of_risk,internal_risk_factors_header,header_section_risk_factors,lose_all_or_part_investment",section_introduction,WROTE_NEW,certified_clean
Amanta_Healthcare_Ltd_.pdf,506,35,82,47,36211,35701,1.014,0.933,"internal_risk_factors_header,header_section_risk_factors,material_adverse_effect_business",section_introduction,WROTE_NEW,certified_clean
Ami_Organics_Ltd_.pdf,401,24,61,37,27453,27282,1.006,0.992,"high_degree_of_risk,internal_risk_factors_header,header_section_risk_factors,lose_all_or_part_investment",section_introduction,WROTE_NEW,certified_clean
Amir_Chand_Jagdish_Kumar__Exports__Ltd_.pdf,520,38,112,74,46186,45000,1.026,0.935,"high_degree_of_risk,header_bare_risk_factors,lose_all_or_part_investment",strict_next_section,WROTE_NEW,certified_clean
Anand_Rathi_Share___Stock_Brokers_Ltd_.pdf,190,10,16,6,1974,1953,1.011,0.974,"internal_risk_factors_header,carefully_consider_risks_described,header_bare_risk_factors,lose_all_or_part_investment,material_adverse_effect_business",section_introduction,WROTE_NEW,certified_clean
Anand_Rathi_Wealth_Ltd_.pdf,441,28,61,33,24127,24000,1.005,0.995,"high_degree_of_risk,internal_risk_factors_header,header_section_risk_factors,lose_all_or_part_investment",section_introduction,WROTE_NEW,certified_clean
Angel_Broking_Ltd_.pdf,470,18,54,36,26880,26692,1.007,0.988,"high_degree_of_risk,header_section_risk_factors,lose_all_or_part_investment,material_adverse_effect_business",section_introduction,WROTE_NEW,certified_clean
Anlon_Healthcare_Ltd_.pdf,409,36,86,50,32555,32333,1.007,0.988,"high_degree_of_risk,header_section_risk_factors",section_introduction,WROTE_NEW,certified_clean
Anthem_Biosciences_Ltd_.pdf,523,36,81,45,37708,37057,1.018,0.982,"high_degree_of_risk,internal_risk_factors_header,header_section_risk_factors,lose_all_or_part_investment,material_adverse_effect_business",section_introduction,WROTE_NEW,certified_clean
Antony_Waste_Handling_Cell_Ltd_.pdf,428,24,44,20,15601,15502,1.006,0.991,"high_degree_of_risk,internal_risk_factors_header,header_section_risk_factors,lose_all_or_part_investment",section_introduction,WROTE_NEW,certified_clean
Anupam_Rasayan_India_Ltd_.pdf,348,26,62,36,29926,29714,1.007,0.997,"high_degree_of_risk,internal_risk_factors_header,header_section_risk_factors,lose_all_or_part_investment",section_introduction,WROTE_NEW,certified_clean
Apeejay_Surrendra_Park_Hotels_Ltd_.pdf,564,33,105,72,51031,49267,1.036,0.837,"high_degree_of_risk,internal_risk_factors_header,header_section_risk_factors,lose_all_or_part_investment",section_introduction,WROTE_NEW,certified_clean
Aptus_Value_Housing_Finance_India_Ltd_.pdf,406,27,57,30,26124,25959,1.006,0.991,"high_degree_of_risk,internal_risk_factors_header,header_section_risk_factors,lose_all_or_part_investment",section_introduction,WROTE_NEW,certified_clean
Archean_Chemical_Industries_Ltd_.pdf,426,25,62,37,27595,27427,1.006,0.998,"high_degree_of_risk,header_section_risk_factors,lose_all_or_part_investment",section_introduction,WROTE_NEW,certified_clean
Arisinfra_Solutions_Ltd_.pdf,673,48,94,46,34719,33634,1.032,0.904,"high_degree_of_risk,internal_risk_factors_header,header_section_risk_factors,lose_all_or_part_investment",section_introduction,WROTE_NEW,certified_clean
Arkade_Developers_Ltd_.pdf,473,31,63,32,23658,23387,1.012,0.923,"high_degree_of_risk,internal_risk_factors_header,header_section_risk_factors,lose_all_or_part_investment",section_introduction,WROTE_NEW,certified_clean
Ather_Energy_Ltd_.pdf,586,47,111,64,44082,43807,1.006,0.972,"high_degree_of_risk,header_section_risk_factors,lose_all_or_part_investment",section_introduction,WROTE_NEW,certified_clean
Atlanta_Electricals_Ltd_.pdf,226,9,226,217,88885,92024,0.966,0.983,"high_degree_of_risk,internal_risk_factors_header,lose_all_or_part_investment",eof_fallback,WROTE_NEW,certified_clean
Avalon_Technologies_Ltd_.pdf,588,26,40,14,4141,4098,1.01,0.96,"header_bare_risk_factors,material_adverse_effect_business",strict_next_section,WROTE_NEW,certified_clean
Awfis_Space_Solutions_Ltd_.pdf,506,35,73,38,28932,28577,1.012,0.954,"high_degree_of_risk,internal_risk_factors_header,header_section_risk_factors,lose_all_or_part_investment",section_introduction,WROTE_NEW,certified_clean
Aye_Finance_Ltd_.pdf,614,37,82,45,33195,32780,1.013,0.957,"high_degree_of_risk,internal_risk_factors_header,header_section_risk_factors,lose_all_or_part_investment",section_introduction,WROTE_NEW,certified_clean
Azad_Engineering_Ltd_.pdf,438,31,67,36,32888,32295,1.018,0.988,"internal_risk_factors_header,header_section_risk_factors,lose_all_or_part_investment,material_adverse_effect_business",section_introduction,WROTE_NEW,certified_clean
BLS_E-Services_Ltd_.pdf,511,43,82,39,30265,29967,1.01,0.938,"high_degree_of_risk,header_section_risk_factors,lose_all_or_part_investment",section_introduction,WROTE_NEW,certified_clean
BMW_Ventures_Ltd_.pdf,487,37,96,59,36374,36469,0.997,0.969,"high_degree_of_risk,header_section_risk_factors,lose_all_or_part_investment",section_introduction,WROTE_NEW,certified_clean
Baazar_Style_Retail_Ltd_.pdf,535,40,78,38,27397,27051,1.013,0.936,"high_degree_of_risk,header_section_risk_factors,lose_all_or_part_investment",section_introduction,WROTE_NEW,certified_clean
Bajaj_Housing_Finance_Ltd_.pdf,547,40,85,45,35385,34533,1.025,0.927,"high_degree_of_risk,internal_risk_factors_header,header_section_risk_factors,lose_all_or_part_investment",section_introduction,WROTE_NEW,certified_clean
Bansal_Wire_Industries_Ltd_.pdf,487,38,83,45,27751,27835,0.997,0.937,"high_degree_of_risk,internal_risk_factors_header,header_section_risk_factors,lose_all_or_part_investment,material_adverse_effect_business",section_introduction,WROTE_NEW,certified_clean
Barak_Valley_Cements_Ltd_.pdf,265,10,21,11,6053,5965,1.015,0.866,"high_degree_of_risk,header_section_risk_factors,lose_all_or_part_investment,material_adverse_effect_business",section_introduction,WROTE_NEW,certified_clean
Barbeque-Nation_Hospitality_Ltd_.pdf,593,36,75,39,28338,28147,1.007,0.985,"high_degree_of_risk,internal_risk_factors_header,header_section_risk_factors,header_bare_risk_factors,material_adverse_effect_business",section_introduction,WROTE_NEW,certified_clean
Belrise_Industries_Ltd_.pdf,593,44,101,57,36309,35335,1.028,0.971,"high_degree_of_risk,internal_risk_factors_header,header_section_risk_factors,lose_all_or_part_investment",section_introduction,WROTE_NEW,certified_clean
Bharat_Coking_Coal_Ltd_.pdf,564,35,78,43,33375,33018,1.011,0.993,"high_degree_of_risk,header_section_risk_factors,lose_all_or_part_investment",section_introduction,WROTE_NEW,certified_clean
Bharti_Hexacom_Ltd_.pdf,536,38,73,35,26729,26578,1.006,0.926,"high_degree_of_risk,internal_risk_factors_header,header_section_risk_factors,lose_all_or_part_investment",section_introduction,WROTE_NEW,certified_clean
Bikaji_Foods_International_Ltd_.pdf,463,34,84,50,39296,38440,1.022,0.96,"high_degree_of_risk,internal_risk_factors_header,header_section_risk_factors,lose_all_or_part_investment",section_introduction,WROTE_NEW,certified_clean
Billionbrains_Garage_Ventures_Ltd_.pdf,568,41,89,48,33521,33117,1.012,0.98,"high_degree_of_risk,header_section_risk_factors,lose_all_or_part_investment,material_adverse_effect_business",section_introduction,WROTE_NEW,certified_clean
BlueStone_Jewellery___Lifestyle_Ltd_.pdf,532,36,104,68,46847,46166,1.015,0.985,"high_degree_of_risk,header_section_risk_factors,lose_all_or_part_investment",section_introduction,WROTE_NEW,certified_clean
Blue_Jet_Healthcare_Ltd_.pdf,396,32,65,33,24801,25186,0.985,0.927,"high_degree_of_risk,internal_risk_factors_header,header_section_risk_factors,lose_all_or_part_investment",section_introduction,WROTE_NEW,certified_clean
Borana_Weaves_Ltd_.pdf,417,39,79,40,30077,29334,1.025,0.965,"high_degree_of_risk,internal_risk_factors_header,header_section_risk_factors,lose_all_or_part_investment",section_introduction,WROTE_NEW,certified_clean
Brainbees_Solutions_Ltd_.pdf,682,86,146,60,40360,39555,1.02,0.964,"high_degree_of_risk,internal_risk_factors_header,header_section_risk_factors,lose_all_or_part_investment",section_introduction,WROTE_NEW,certified_clean
Brigade_Hotel_Ventures_Ltd_.pdf,437,26,33,7,3598,3586,1.003,0.912,"header_bare_risk_factors,material_adverse_effect_business",strict_next_section,WROTE_NEW,certified_clean
Burger_King_India_Ltd_.pdf,339,21,52,31,28578,28403,1.006,0.964,"high_degree_of_risk,internal_risk_factors_header,header_section_risk_factors,lose_all_or_part_investment",section_introduction,WROTE_NEW,certified_clean
CMR_Green_Technologies_Ltd_.pdf,504,36,74,38,32641,32296,1.011,0.981,"high_degree_of_risk,internal_risk_factors_header,header_section_risk_factors,material_adverse_effect_business",section_introduction,WROTE_NEW,certified_clean
CMS_Info_Systems_Ltd_.pdf,560,14,48,34,26264,26187,1.003,0.984,"high_degree_of_risk,header_section_risk_factors,lose_all_or_part_investment",section_introduction,WROTE_NEW,certified_clean
CSB_Bank_Ltd_.pdf,604,22,52,30,24392,24292,1.004,0.989,"high_degree_of_risk,internal_risk_factors_header,header_section_risk_factors,lose_all_or_part_investment",section_introduction,WROTE_NEW,certified_clean
CSM_Technologies_Ltd_.pdf,508,29,81,52,39399,38631,1.02,0.92,"high_degree_of_risk,internal_risk_factors_header,header_section_risk_factors,lose_all_or_part_investment",section_introduction,WROTE_NEW,certified_clean
C_E_Info_systems_Ltd_.pdf,329,31,57,26,23140,23011,1.006,0.966,"high_degree_of_risk,header_section_risk_factors,lose_all_or_part_investment",section_introduction,WROTE_NEW,certified_clean
Campus_Activewear_Ltd_.pdf,523,31,75,44,32224,32437,0.993,0.985,"high_degree_of_risk,header_section_risk_factors",section_introduction,WROTE_NEW,certified_clean
Canara_HSBC_Life_Insurance_Co_Ltd_.pdf,687,41,94,53,42787,42187,1.014,0.946,"high_degree_of_risk,header_section_risk_factors,lose_all_or_part_investment,material_adverse_effect_business",section_introduction,WROTE_NEW,certified_clean
Canara_Robeco_Asset_Management_Co_Ltd_.pdf,639,35,84,49,34908,34599,1.009,0.962,"high_degree_of_risk,header_section_risk_factors,lose_all_or_part_investment",section_introduction,WROTE_NEW,certified_clean
Capillary_Technologies_India_Ltd_.pdf,637,37,106,69,53648,52158,1.029,0.871,"high_degree_of_risk,header_section_risk_factors,lose_all_or_part_investment",section_introduction,WROTE_NEW,certified_clean
Capital_Small_Finance_Bank_Ltd_.pdf,484,31,82,51,36696,36689,1.0,0.962,"high_degree_of_risk,header_section_risk_factors,lose_all_or_part_investment",section_introduction,WROTE_NEW,certified_clean
CarTrade_Tech_Ltd_.pdf,340,24,53,29,21353,21223,1.006,0.991,"high_degree_of_risk,internal_risk_factors_header,header_section_risk_factors,lose_all_or_part_investment",section_introduction,WROTE_NEW,certified_clean
Carraro_India_Ltd_.pdf,505,29,79,50,40356,39269,1.028,0.961,"high_degree_of_risk,header_section_risk_factors,lose_all_or_part_investment",section_introduction,WROTE_NEW,certified_clean
Ceigall_India_Ltd_.pdf,473,37,79,42,33257,32894,1.011,0.991,"high_degree_of_risk,internal_risk_factors_header,header_section_risk_factors,lose_all_or_part_investment",section_introduction,WROTE_NEW,certified_clean
Cello_World_Ltd_.pdf,607,40,73,33,24185,23444,1.032,0.931,"high_degree_of_risk,internal_risk_factors_header,header_section_risk_factors,lose_all_or_part_investment",section_introduction,WROTE_NEW,certified_clean
Central_Mine_Planning___Design_Institute_Ltd_.pdf,556,41,87,46,32935,32211,1.022,0.955,"high_degree_of_risk,internal_risk_factors_header,header_section_risk_factors,lose_all_or_part_investment",section_introduction,WROTE_NEW,certified_clean
Chalet_Hotels_Ltd_.pdf,701,17,48,31,22567,22414,1.007,0.999,"high_degree_of_risk,internal_risk_factors_header,header_section_risk_factors,lose_all_or_part_investment",section_introduction,WROTE_NEW,certified_clean
Chemcon_Speciality_Chemicals_Ltd_.pdf,347,24,52,28,20624,20458,1.008,0.996,"high_degree_of_risk,internal_risk_factors_header,header_section_risk_factors,lose_all_or_part_investment",section_introduction,WROTE_NEW,certified_clean
Chemplast_Sanmar_Ltd_.pdf,520,30,57,27,19331,19307,1.001,0.99,"high_degree_of_risk,header_section_risk_factors,lose_all_or_part_investment",section_introduction,WROTE_NEW,certified_clean
Clean_Max_Enviro_Energy_Solutions_Ltd_.pdf,994,48,103,55,49376,48072,1.027,0.916,"high_degree_of_risk,header_section_risk_factors,lose_all_or_part_investment",section_introduction,WROTE_NEW,certified_clean
Clean_Science___Technology_Ltd_.pdf,331,22,57,35,31125,31065,1.002,0.992,"high_degree_of_risk,internal_risk_factors_header,header_section_risk_factors,lose_all_or_part_investment",section_introduction,WROTE_NEW,certified_clean
Computer_Age_Management_Services_Ltd_.pdf,301,21,47,26,22723,22743,0.999,0.993,"high_degree_of_risk,internal_risk_factors_header,header_section_risk_factors,lose_all_or_part_investment",section_introduction,WROTE_NEW,certified_clean
Concord_Biotech_Ltd_.pdf,380,29,61,32,24172,23868,1.013,0.953,"high_degree_of_risk,header_section_risk_factors,lose_all_or_part_investment",section_introduction,WROTE_NEW,certified_clean
Concord_Enviro_Systems_Ltd_.pdf,611,33,101,68,48522,47302,1.026,0.957,"high_degree_of_risk,header_section_risk_factors,lose_all_or_part_investment",section_introduction,WROTE_NEW,certified_clean
Corona_Remedies_Ltd_.pdf,545,34,90,56,42457,41187,1.031,0.946,"high_degree_of_risk,header_section_risk_factors,lose_all_or_part_investment",section_introduction,WROTE_NEW,certified_clean
Craftsman_Automation_Ltd_.pdf,454,23,55,32,23858,23777,1.003,0.986,"high_degree_of_risk,internal_risk_factors_header,header_section_risk_factors",section_introduction,WROTE_NEW,certified_clean
Credo_Brands_Marketing_Ltd_.pdf,397,30,72,42,35507,34903,1.017,0.965,"high_degree_of_risk,internal_risk_factors_header,header_section_risk_factors,lose_all_or_part_investment",section_introduction,WROTE_NEW,certified_clean
Crizac_Ltd_.pdf,486,40,75,35,24538,25019,0.981,0.957,"high_degree_of_risk,internal_risk_factors_header,header_section_risk_factors,lose_all_or_part_investment",section_introduction,WROTE_NEW,certified_clean
Cyient_DLM_Ltd_.pdf,375,26,30,4,2386,2243,1.064,0.769,"header_bare_risk_factors,material_adverse_effect_business",strict_next_section,WROTE_NEW,certified_clean
DAM_Capital_Advisors_Ltd_.pdf,405,25,30,5,2541,2391,1.063,0.794,"header_bare_risk_factors,material_adverse_effect_business",strict_next_section,WROTE_NEW,certified_clean
DCX_Systems_Ltd_.pdf,437,30,71,41,31857,31547,1.01,0.951,"high_degree_of_risk,header_section_risk_factors,lose_all_or_part_investment",section_introduction,WROTE_NEW,certified_clean
DEE_Development_Engineers_Ltd_.pdf,508,33,95,62,49407,48055,1.028,0.998,"high_degree_of_risk,header_section_risk_factors,lose_all_or_part_investment",section_introduction,WROTE_NEW,certified_clean
DOMS_Industries_Ltd_.pdf,506,35,73,38,27159,26250,1.035,0.916,"high_degree_of_risk,internal_risk_factors_header,header_section_risk_factors,header_bare_risk_factors",section_introduction,WROTE_NEW,certified_clean
Data_Patterns__India__Ltd_.pdf,414,36,68,32,25179,24911,1.011,0.98,"high_degree_of_risk,internal_risk_factors_header,carefully_consider_risks_described,header_section_risk_factors,lose_all_or_part_investment",section_introduction,WROTE_NEW,certified_clean
Deepak_Builders___Engineers_India_Ltd_.pdf,464,38,87,49,33978,33628,1.01,0.957,"high_degree_of_risk,header_section_risk_factors",section_introduction,WROTE_NEW,certified_clean
Delhivery_Ltd_.pdf,650,37,91,54,40915,40746,1.004,0.906,"high_degree_of_risk,header_section_risk_factors,lose_all_or_part_investment",section_introduction,WROTE_NEW,certified_clean
Denta_Water___Infra_Solutions_Ltd_.pdf,423,34,72,38,29865,29568,1.01,0.993,"high_degree_of_risk,header_section_risk_factors,lose_all_or_part_investment",section_introduction,WROTE_NEW,certified_clean
Dev_Accelerator_Ltd_.pdf,473,42,83,41,31774,31309,1.015,0.991,"high_degree_of_risk,internal_risk_factors_header,header_section_risk_factors,lose_all_or_part_investment",section_introduction,WROTE_NEW,certified_clean
Devyani_International_Ltd_.pdf,421,28,60,32,29592,29416,1.006,0.995,"high_degree_of_risk,internal_risk_factors_header,header_section_risk_factors,lose_all_or_part_investment",section_introduction,WROTE_NEW,certified_clean
Dharmaj_Crop_Guard_Ltd_.pdf,401,33,69,36,26988,26861,1.005,0.995,"high_degree_of_risk,internal_risk_factors_header,header_section_risk_factors,lose_all_or_part_investment",section_introduction,WROTE_NEW,certified_clean
Diffusion_Engineers_Ltd_.pdf,529,41,94,53,34929,34463,1.014,0.974,"high_degree_of_risk,header_section_risk_factors,lose_all_or_part_investment",section_introduction,WROTE_NEW,certified_clean
Divgi_TorqTransfer_Systems_Ltd_.pdf,403,29,58,29,26458,25429,1.04,0.903,"high_degree_of_risk,header_section_risk_factors,lose_all_or_part_investment",section_introduction,WROTE_NEW,certified_clean
Dodla_Dairy_Ltd_.pdf,326,20,48,28,24692,24577,1.005,0.99,"high_degree_of_risk,header_section_risk_factors,lose_all_or_part_investment",section_introduction,WROTE_NEW,certified_clean
Dr_Agarwal_s_Health_Care_Ltd_.pdf,500,37,76,39,33157,32862,1.009,0.969,"high_degree_of_risk,internal_risk_factors_header,header_section_risk_factors,lose_all_or_part_investment",section_introduction,WROTE_NEW,certified_clean
Dreamfolks_Services_Ltd_.pdf,334,25,48,23,18292,18159,1.007,0.991,"high_degree_of_risk,internal_risk_factors_header,header_section_risk_factors,lose_all_or_part_investment",section_introduction,WROTE_NEW,certified_clean
ECOS__India__Mobility___Hospitality_Ltd_.pdf,364,27,65,38,31477,30864,1.02,0.957,"high_degree_of_risk,internal_risk_factors_header,header_section_risk_factors,lose_all_or_part_investment",section_introduction,WROTE_NEW,certified_clean
EMS_Ltd_.pdf,540,34,90,56,36782,36685,1.003,0.999,"carefully_consider_risks_described,header_section_risk_factors,lose_all_or_part_investment,material_adverse_effect_business",section_introduction,WROTE_NEW,certified_clean
EPACK_Durable_Ltd_.pdf,506,40,79,39,29962,29755,1.007,0.999,"high_degree_of_risk,header_section_risk_factors,lose_all_or_part_investment",section_introduction,WROTE_NEW,certified_clean
ESAF_Small_Finance_Bank_Ltd_.pdf,518,39,99,60,50857,49783,1.022,0.961,"high_degree_of_risk,header_section_risk_factors,lose_all_or_part_investment",section_introduction,WROTE_NEW,certified_clean
Easy_Trip_Planners_Ltd_.pdf,475,25,66,41,32506,32390,1.004,0.985,"high_degree_of_risk,header_section_risk_factors,lose_all_or_part_investment",section_introduction,WROTE_NEW,certified_clean
Electronics_Mart_India_Ltd_.pdf,401,26,63,37,26489,26281,1.008,0.986,"high_degree_of_risk,internal_risk_factors_header,header_section_risk_factors,lose_all_or_part_investment",section_introduction,WROTE_NEW,certified_clean
Elin_Electronics_Ltd_.pdf,415,29,60,31,24753,24585,1.007,0.981,"high_degree_of_risk,header_section_risk_factors,lose_all_or_part_investment",section_introduction,WROTE_NEW,certified_clean
Ellenbarrie_Industrial_Gases_Ltd_.pdf,417,31,67,36,33272,32744,1.016,0.981,"high_degree_of_risk,internal_risk_factors_header,header_section_risk_factors,lose_all_or_part_investment",section_introduction,WROTE_NEW,certified_clean
Emcure_Pharmaceuticals_Ltd_.pdf,546,46,101,55,44154,43374,1.018,0.996,"high_degree_of_risk,header_section_risk_factors,lose_all_or_part_investment",section_introduction,WROTE_NEW,certified_clean
Emmvee_Photovoltaic_Power_Ltd_.pdf,511,23,35,12,6755,6492,1.041,0.971,"header_bare_risk_factors,material_adverse_effect_business",strict_next_section,WROTE_NEW,certified_clean
Entero_Healthcare_Solutions_Ltd_.pdf,573,38,71,33,23046,22684,1.016,0.971,"high_degree_of_risk,header_section_risk_factors,lose_all_or_part_investment",section_introduction,WROTE_NEW,certified_clean
Enviro_Infra_Engineers_Ltd_.pdf,531,39,88,49,34322,34098,1.007,0.991,"high_degree_of_risk,header_section_risk_factors,lose_all_or_part_investment",section_introduction,WROTE_NEW,certified_clean
Epack_Prefab_Technologies_Ltd_.pdf,504,36,74,38,32641,32296,1.011,0.981,"high_degree_of_risk,internal_risk_factors_header,header_section_risk_factors,material_adverse_effect_business",section_introduction,WROTE_NEW,certified_clean
Equitas_Small_Finance_Bank_Ltd_.pdf,390,24,55,31,28770,29640,0.971,0.992,"high_degree_of_risk,header_section_risk_factors",section_introduction,WROTE_NEW,certified_clean
Ethos_Ltd_.pdf,565,38,80,42,28571,28332,1.008,0.988,"high_degree_of_risk,carefully_consider_risks_described,header_section_risk_factors,lose_all_or_part_investment",section_the_offer,WROTE_NEW,certified_clean
Euro_Pratik_Sales_Ltd_.pdf,490,33,75,42,33435,32937,1.015,0.998,"high_degree_of_risk,header_section_risk_factors,lose_all_or_part_investment",section_introduction,WROTE_NEW,certified_clean
Excelsoft_Technologies_Ltd_.pdf,485,40,89,49,38630,38235,1.01,0.995,"high_degree_of_risk,header_section_risk_factors,lose_all_or_part_investment",section_introduction,WROTE_NEW,certified_clean
Exicom_Tele-Systems_Ltd_.pdf,492,35,84,49,39362,37756,1.043,0.913,"high_degree_of_risk,internal_risk_factors_header,header_section_risk_factors,lose_all_or_part_investment",section_introduction,WROTE_NEW,certified_clean
Exxaro_Tiles_Ltd_.pdf,363,23,49,26,20066,20045,1.001,0.997,"internal_risk_factors_header,header_section_risk_factors,lose_all_or_part_investment",section_introduction,WROTE_NEW,certified_clean
FSN_E-Commerce_Ventures_Ltd_.pdf,601,46,94,48,32537,32421,1.004,0.992,"high_degree_of_risk,internal_risk_factors_header,header_section_risk_factors,lose_all_or_part_investment",section_introduction,WROTE_NEW,certified_clean
Fabtech_Technologies_Ltd_.pdf,521,39,104,65,46720,45971,1.016,0.993,"high_degree_of_risk,header_section_risk_factors,lose_all_or_part_investment",section_introduction,WROTE_NEW,certified_clean
Fedbank_Financial_Services_Ltd_.pdf,506,31,77,46,42339,41799,1.013,0.902,"high_degree_of_risk,header_section_risk_factors,lose_all_or_part_investment",section_introduction,WROTE_NEW,certified_clean
Fino_Payments_Bank_Ltd_.pdf,338,22,51,29,27186,27128,1.002,0.989,"high_degree_of_risk,header_section_risk_factors,lose_all_or_part_investment",section_introduction,WROTE_NEW,certified_clean
Five-Star_Business_Finance_Ltd_.pdf,468,26,56,30,26584,26321,1.01,0.997,"high_degree_of_risk,internal_risk_factors_header,header_section_risk_factors,lose_all_or_part_investment",section_introduction,WROTE_NEW,certified_clean
Flair_Writing_Industries_Ltd_.pdf,489,34,80,46,34164,33487,1.02,0.989,"high_degree_of_risk,header_section_risk_factors,lose_all_or_part_investment",section_introduction,WROTE_NEW,certified_clean
Fractal_Analytics_Ltd_.pdf,652,40,86,46,38660,38046,1.016,0.979,"high_degree_of_risk,internal_risk_factors_header,header_section_risk_factors,lose_all_or_part_investment",section_introduction,WROTE_NEW,certified_clean
Fujiyama_Power_Systems_Ltd_.pdf,577,40,97,57,36624,36131,1.014,0.929,"high_degree_of_risk,internal_risk_factors_header,header_section_risk_factors,lose_all_or_part_investment",section_introduction,WROTE_NEW,certified_clean
Fusion_Micro_Finance_Ltd_.pdf,465,26,62,36,26716,26581,1.005,0.989,"high_degree_of_risk,header_section_risk_factors,lose_all_or_part_investment",section_introduction,WROTE_NEW,certified_clean
GK_Energy_Ltd_.pdf,465,23,35,12,5941,5853,1.015,0.929,"header_bare_risk_factors,material_adverse_effect_business",strict_next_section,WROTE_NEW,certified_clean
GNG_Electronics_Ltd_.pdf,407,24,29,5,2541,2457,1.034,0.858,"header_bare_risk_factors,material_adverse_effect_business",strict_next_section,WROTE_NEW,certified_clean
GPT_Healthcare_Ltd_.pdf,506,35,82,47,36211,35701,1.014,0.933,"internal_risk_factors_header,header_section_risk_factors,material_adverse_effect_business",section_introduction,WROTE_NEW,certified_clean
GSP_Crop_Science_Ltd_.pdf,569,37,94,57,44364,42127,1.053,0.976,"high_degree_of_risk,header_section_risk_factors,lose_all_or_part_investment",section_introduction,WROTE_NEW,certified_clean
G_R_Infraprojects_Ltd_.pdf,643,19,58,39,30866,30728,1.004,0.996,"high_degree_of_risk,header_section_risk_factors,lose_all_or_part_investment",section_introduction,WROTE_NEW,certified_clean
Gala_Precision_Engineering_Ltd_.pdf,523,41,71,30,25121,24853,1.011,0.98,"high_degree_of_risk,internal_risk_factors_header,header_section_risk_factors",section_introduction,WROTE_NEW,certified_clean
Gandhar_Oil_Refinery__India__Ltd_.pdf,646,37,81,44,34093,33551,1.016,0.984,"high_degree_of_risk,header_section_risk_factors",section_introduction,WROTE_NEW,certified_clean
Ganesh_Consumer_Products_Ltd_.pdf,588,35,76,41,28439,28036,1.014,0.955,"high_degree_of_risk,header_section_risk_factors,lose_all_or_part_investment",section_introduction,WROTE_NEW,certified_clean
Garuda_Construction___Engineering_Ltd_.pdf,407,35,78,43,31516,31286,1.007,0.978,"high_degree_of_risk,header_section_risk_factors,lose_all_or_part_investment",section_introduction,WROTE_NEW,certified_clean
Gaudium_IVF___Women_Health_Ltd_.pdf,448,36,72,36,24197,24090,1.004,0.993,"high_degree_of_risk,header_section_risk_factors",section_introduction,WROTE_NEW,certified_clean
Gem_Aromatics_Ltd_.pdf,492,32,83,51,35226,35486,0.993,0.961,"high_degree_of_risk,internal_risk_factors_header,header_section_risk_factors,lose_all_or_part_investment",section_introduction,WROTE_NEW,certified_clean
Gland_Pharma_Ltd_.pdf,333,23,52,29,25671,25577,1.004,0.996,"header_section_risk_factors,lose_all_or_part_investment,material_adverse_effect_business",section_introduction,WROTE_NEW,certified_clean
Glenmark_Life_Sciences_Ltd_.pdf,358,25,48,23,19410,19313,1.005,0.996,"high_degree_of_risk,internal_risk_factors_header,header_section_risk_factors,lose_all_or_part_investment",section_introduction,WROTE_NEW,certified_clean
Global_Health_Ltd_.pdf,512,40,91,51,37875,37556,1.008,0.878,"high_degree_of_risk,carefully_consider_risks_described,header_section_risk_factors,header_bare_risk_factors,lose_all_or_part_investment",section_introduction,WROTE_NEW,certified_clean
Global_Surfaces_Ltd_.pdf,405,28,35,7,1969,1879,1.048,0.821,"carefully_consider_risks_described,header_bare_risk_factors",strict_next_section,WROTE_NEW,certified_clean
Globe_Civil_Projects_Ltd_.pdf,604,41,108,67,45377,44515,1.019,0.914,"high_degree_of_risk,header_section_risk_factors,lose_all_or_part_investment",section_introduction,WROTE_NEW,certified_clean
Glottis_Ltd_.pdf,477,39,93,54,38525,39142,0.984,0.984,"high_degree_of_risk,internal_risk_factors_header,header_section_risk_factors,lose_all_or_part_investment",section_introduction,WROTE_NEW,certified_clean
Go_Digit_General_Insurance_Ltd_.pdf,708,40,120,80,56665,57140,0.992,0.969,"high_degree_of_risk,header_section_risk_factors,lose_all_or_part_investment",section_introduction,WROTE_NEW,certified_clean
Go_Fashion__India__Ltd_.pdf,414,24,60,36,26557,26537,1.001,0.982,"high_degree_of_risk,header_section_risk_factors,lose_all_or_part_investment",section_introduction,WROTE_NEW,plaintext_fallback_used
Godavari_Biorefineries_Ltd_.pdf,484,35,79,44,30810,30263,1.018,0.852,"high_degree_of_risk,header_section_risk_factors,lose_all_or_part_investment",section_introduction,WROTE_NEW,certified_clean
Gopal_Snacks_Ltd_.pdf,504,35,89,54,39232,37955,1.034,0.827,"high_degree_of_risk,internal_risk_factors_header,header_section_risk_factors,lose_all_or_part_investment",section_introduction,WROTE_NEW,certified_clean
Gujarat_Kidney___Super_Speciality_Ltd_.pdf,585,35,76,41,31376,30991,1.012,0.993,"high_degree_of_risk,header_section_risk_factors,lose_all_or_part_investment",section_introduction,WROTE_NEW,certified_clean
HDB_Financial_Services_Ltd_.pdf,758,32,73,41,35364,34946,1.012,0.975,"high_degree_of_risk,internal_risk_factors_header,header_section_risk_factors,lose_all_or_part_investment",section_introduction,WROTE_NEW,certified_clean
HMA_Agro_Industries_Ltd_.pdf,393,27,61,34,27825,27865,0.999,0.911,"carefully_consider_risks_described,header_section_risk_factors,lose_all_or_part_investment,material_adverse_effect_business",section_introduction,WROTE_NEW,certified_clean
HP_Adhesives_Ltd_.pdf,398,24,30,6,1918,1769,1.084,0.828,"carefully_consider_risks_described,header_bare_risk_factors",strict_next_section,WROTE_NEW,certified_clean
Happiest_Minds_Technologies_Ltd_.pdf,462,26,59,33,25810,25666,1.006,0.988,"high_degree_of_risk,internal_risk_factors_header,header_section_risk_factors",section_introduction,WROTE_NEW,certified_clean
Happy_Forgings_Ltd_.pdf,524,35,79,44,33023,31384,1.052,0.885,"high_degree_of_risk,internal_risk_factors_header,header_section_risk_factors,lose_all_or_part_investment",section_introduction,WROTE_NEW,certified_clean
Hariom_Pipe_Industries_Ltd_.pdf,346,25,50,25,19117,19050,1.004,0.997,"high_degree_of_risk,header_section_risk_factors,lose_all_or_part_investment",section_introduction,WROTE_NEW,certified_clean
Harsha_Engineers_International_Ltd_.pdf,375,30,62,32,26978,26956,1.001,0.988,"high_degree_of_risk,internal_risk_factors_header,header_section_risk_factors,lose_all_or_part_investment",section_introduction,WROTE_NEW,certified_clean
Heranba_Industries_Ltd_.pdf,363,17,36,19,14440,14371,1.005,0.973,"high_degree_of_risk,header_section_risk_factors,lose_all_or_part_investment",section_introduction,WROTE_NEW,certified_clean
Hexagon_Nutrition_Ltd_.pdf,689,34,116,82,46073,45280,1.018,0.951,"high_degree_of_risk,internal_risk_factors_header,header_section_risk_factors,lose_all_or_part_investment,material_adverse_effect_business",section_introduction,WROTE_NEW,certified_clean
Hexaware_Technologies_Ltd_.pdf,644,34,78,44,33243,32559,1.021,0.818,"high_degree_of_risk,header_section_risk_factors,lose_all_or_part_investment",section_introduction,WROTE_NEW,certified_clean
Highway_Infrastructure_Ltd_.pdf,537,36,78,42,28998,28859,1.005,0.972,"high_degree_of_risk,header_section_risk_factors,lose_all_or_part_investment",section_introduction,WROTE_NEW,certified_clean
Home_First_Finance_Co_India_Ltd_.pdf,357,24,45,21,17982,17877,1.006,0.998,"high_degree_of_risk,internal_risk_factors_header,header_section_risk_factors,lose_all_or_part_investment",section_introduction,WROTE_NEW,certified_clean
Honasa_Consumer_Ltd_.pdf,431,40,76,36,31754,31347,1.013,0.979,"high_degree_of_risk,internal_risk_factors_header,header_section_risk_factors,lose_all_or_part_investment",section_introduction,WROTE_NEW,certified_clean
Hyundai_Motor_India_Ltd_.pdf,476,38,94,56,46205,45043,1.026,0.979,"high_degree_of_risk,header_section_risk_factors,lose_all_or_part_investment",section_introduction,WROTE_NEW,certified_clean
ICICI_Prudential_Asset_Management_Co_Ltd_.pdf,493,36,70,34,29211,28849,1.013,0.984,"high_degree_of_risk,header_section_risk_factors,lose_all_or_part_investment",section_introduction,WROTE_NEW,certified_clean
IKIO_Lighting_Ltd_.pdf,559,32,72,40,32798,32530,1.008,0.995,"high_degree_of_risk,header_section_risk_factors,lose_all_or_part_investment",section_introduction,WROTE_NEW,certified_clean
IRM_Energy_Ltd_.pdf,498,35,75,40,32774,32436,1.01,0.978,"high_degree_of_risk,header_section_risk_factors,lose_all_or_part_investment",section_introduction,WROTE_NEW,certified_clean
Indegene_Ltd_.pdf,417,28,64,36,29801,29581,1.007,0.959,"high_degree_of_risk,header_section_risk_factors,lose_all_or_part_investment",section_introduction,WROTE_NEW,certified_clean
IndiaMART_InterMESH_Ltd_.pdf,576,20,51,31,23859,23709,1.006,0.999,"high_degree_of_risk,header_section_risk_factors,header_bare_risk_factors,lose_all_or_part_investment",section_introduction,WROTE_NEW,certified_clean
India_Pesticides_Ltd_.pdf,369,30,74,44,35855,35708,1.004,0.989,"high_degree_of_risk,internal_risk_factors_header,header_section_risk_factors,lose_all_or_part_investment",section_introduction,WROTE_NEW,certified_clean
India_Shelter_Finance_Corp_Ltd_.pdf,538,32,80,48,32575,31733,1.027,0.95,"high_degree_of_risk,internal_risk_factors_header,header_section_risk_factors,lose_all_or_part_investment",section_introduction,WROTE_NEW,certified_clean
Indian_Railway_Catering___Tourism_Corp_Ltd_.pdf,383,26,50,24,18140,18095,1.002,0.989,"high_degree_of_risk,internal_risk_factors_header,header_section_risk_factors,lose_all_or_part_investment",section_introduction,WROTE_NEW,certified_clean
Indian_Railway_Finance_Corp_Ltd_.pdf,413,24,52,28,21953,21837,1.005,0.994,"high_degree_of_risk,header_section_risk_factors,lose_all_or_part_investment",section_introduction,WROTE_NEW,certified_clean
Indian_Renewable_Energy_Development_Agency_Ltd_.pdf,671,38,82,44,34829,34317,1.015,0.949,"high_degree_of_risk,header_section_risk_factors,lose_all_or_part_investment",section_introduction,WROTE_NEW,certified_clean
Indigo_Paints_Ltd_.pdf,404,24,56,32,29022,28902,1.004,0.993,"high_degree_of_risk,header_section_risk_factors,lose_all_or_part_investment,material_adverse_effect_business",section_introduction,WROTE_NEW,certified_clean
Indiqube_Spaces_Ltd_.pdf,607,37,77,40,28775,28252,1.019,0.958,"high_degree_of_risk,header_section_risk_factors,lose_all_or_part_investment",section_introduction,WROTE_NEW,certified_clean
Indo_Farm_Equipment_Ltd_.pdf,466,29,65,36,28620,28479,1.005,0.987,"carefully_consider_risks_described,header_section_risk_factors,lose_all_or_part_investment,material_adverse_effect_business",section_introduction,WROTE_NEW,certified_clean
Indogulf_Cropsciences_Ltd_.pdf,486,32,71,39,32889,32342,1.017,0.996,"high_degree_of_risk,internal_risk_factors_header,header_section_risk_factors,lose_all_or_part_investment",section_introduction,WROTE_NEW,certified_clean
Innova_Captab_Ltd_.pdf,543,32,71,39,28458,28063,1.014,0.99,"high_degree_of_risk,header_section_risk_factors,lose_all_or_part_investment",section_introduction,WROTE_NEW,certified_clean
Innovision_Ltd_.pdf,488,37,84,47,33519,32323,1.037,0.992,"high_degree_of_risk,internal_risk_factors_header,header_section_risk_factors,lose_all_or_part_investment",section_introduction,WROTE_NEW,certified_clean
Inox_Green_Energy_Services_Ltd_.pdf,483,33,68,35,26217,26091,1.005,0.998,"high_degree_of_risk,header_section_risk_factors,lose_all_or_part_investment",section_introduction,WROTE_NEW,certified_clean
Inox_India_Ltd_.pdf,552,30,74,44,32183,30876,1.042,0.94,"high_degree_of_risk,header_section_risk_factors,lose_all_or_part_investment",section_introduction,WROTE_NEW,certified_clean
Interarch_Building_Products_Ltd_.pdf,535,34,86,52,39197,38512,1.018,0.882,"high_degree_of_risk,internal_risk_factors_header,header_section_risk_factors,lose_all_or_part_investment",section_introduction,WROTE_NEW,certified_clean
International_Gemmological_Institute__India__Ltd_.pdf,613,36,67,31,27864,27474,1.014,0.994,"high_degree_of_risk,header_section_risk_factors,lose_all_or_part_investment",section_introduction,WROTE_NEW,certified_clean
Inventurus_Knowledge_Solutions_Ltd_.pdf,601,35,95,60,48037,47167,1.018,0.916,"high_degree_of_risk,header_section_risk_factors,lose_all_or_part_investment",section_introduction,WROTE_NEW,certified_clean
Ivalue_Infosolutions_Ltd_.pdf,525,46,79,33,24761,24177,1.024,0.86,"high_degree_of_risk,header_section_risk_factors",section_introduction,WROTE_NEW,certified_clean
JNK_India_Ltd_.pdf,464,34,77,43,30825,30648,1.006,0.982,"high_degree_of_risk,header_section_risk_factors,lose_all_or_part_investment",section_introduction,WROTE_NEW,certified_clean
JSW_Cement_Ltd_.pdf,774,44,104,60,44045,43139,1.021,0.881,"high_degree_of_risk,header_section_risk_factors,lose_all_or_part_investment",section_introduction,WROTE_NEW,certified_clean
JSW_Infrastructure_Ltd_.pdf,575,34,76,42,30891,29549,1.045,0.956,"high_degree_of_risk,header_section_risk_factors",section_introduction,WROTE_NEW,certified_clean
J_G_Chemicals_Ltd_.pdf,433,34,68,34,27718,27469,1.009,0.999,"high_degree_of_risk,internal_risk_factors_header,header_section_risk_factors,lose_all_or_part_investment",section_introduction,WROTE_NEW,certified_clean
Jain_Resource_Recycling_Ltd_.pdf,559,39,94,55,38462,37717,1.02,0.858,"high_degree_of_risk,header_section_risk_factors,lose_all_or_part_investment",section_introduction,WROTE_NEW,certified_clean
Jana_Small_Finance_Bank_Ltd_.pdf,603,43,121,78,54226,53321,1.017,0.998,"high_degree_of_risk,header_section_risk_factors,lose_all_or_part_investment",section_introduction,WROTE_NEW,certified_clean
Jaro_Institute_of_Technology_Management___Research_Ltd_.pdf,511,37,82,45,31091,30745,1.011,0.971,"high_degree_of_risk,header_section_risk_factors,lose_all_or_part_investment",section_introduction,WROTE_NEW,certified_clean
Jinkushal_Industries_Ltd_.pdf,471,32,39,7,2890,2792,1.035,0.899,"header_bare_risk_factors,material_adverse_effect_business",strict_next_section,WROTE_NEW,certified_clean
Juniper_Hotels_Ltd_.pdf,757,38,96,58,46864,45623,1.027,0.972,"high_degree_of_risk,header_section_risk_factors,lose_all_or_part_investment",section_introduction,WROTE_NEW,certified_clean
Jupiter_Life_Line_Hospitals_Ltd_.pdf,442,33,69,36,26493,26128,1.014,0.978,"high_degree_of_risk,header_section_risk_factors,lose_all_or_part_investment",section_introduction,WROTE_NEW,certified_clean
Jyoti_CNC_Automation_Ltd_.pdf,511,48,91,43,31069,30318,1.025,0.923,"high_degree_of_risk,internal_risk_factors_header,header_section_risk_factors,lose_all_or_part_investment",section_introduction,WROTE_NEW,certified_clean
KFin_Technologies_Ltd_.pdf,572,29,78,49,38006,37714,1.008,0.991,"high_degree_of_risk,header_section_risk_factors,lose_all_or_part_investment",section_introduction,WROTE_NEW,certified_clean
KRN_Heat_Exchanger___Refrigeration_Ltd_.pdf,468,34,92,58,34960,36554,0.956,0.976,"high_degree_of_risk,header_section_risk_factors,lose_all_or_part_investment",section_introduction,WROTE_NEW,certified_clean
KSH_International_Ltd_.pdf,483,30,69,39,32108,31328,1.025,0.969,"high_degree_of_risk,header_section_risk_factors,lose_all_or_part_investment",section_introduction,WROTE_NEW,certified_clean
Kalpataru_Ltd_.pdf,765,35,92,57,37562,36720,1.023,0.902,"high_degree_of_risk,header_section_risk_factors,lose_all_or_part_investment",section_introduction,WROTE_NEW,certified_clean
Kalyan_Jewellers_India_Ltd_.pdf,509,26,63,37,28013,27756,1.009,0.994,"high_degree_of_risk,header_section_risk_factors,lose_all_or_part_investment,material_adverse_effect_business",section_introduction,WROTE_NEW,certified_clean
Kaynes_Technology_India_Ltd_.pdf,503,30,40,10,4088,3783,1.081,0.693,"header_bare_risk_factors,material_adverse_effect_business",strict_next_section,WROTE_NEW,certified_clean
Keystone_Realtors_Ltd_.pdf,563,36,81,45,33220,32776,1.014,0.971,"high_degree_of_risk,header_section_risk_factors,lose_all_or_part_investment",section_introduction,WROTE_NEW,certified_clean
Knack_Packaging_Ltd_.pdf,531,28,84,56,36077,36035,1.001,0.965,"high_degree_of_risk,internal_risk_factors_header,header_section_risk_factors,lose_all_or_part_investment",section_introduction,WROTE_NEW,certified_clean
Krishna_Institute_of_Medical_Sciences_Ltd_.pdf,415,30,63,33,30475,30249,1.007,0.995,"internal_risk_factors_header,header_section_risk_factors,material_adverse_effect_business",section_introduction,WROTE_NEW,certified_clean
Kronox_Lab_Sciences_Ltd_.pdf,400,30,61,31,22074,21387,1.032,0.908,"high_degree_of_risk,internal_risk_factors_header,header_section_risk_factors,lose_all_or_part_investment",section_introduction,WROTE_NEW,certified_clean
Kross_Ltd_.pdf,435,31,75,44,31872,31285,1.019,0.978,"high_degree_of_risk,internal_risk_factors_header,header_section_risk_factors",section_introduction,WROTE_NEW,certified_clean
Krsnaa_Diagnostics_Ltd_.pdf,414,25,62,37,28814,28725,1.003,0.988,"high_degree_of_risk,internal_risk_factors_header,header_section_risk_factors,lose_all_or_part_investment",section_introduction,WROTE_NEW,certified_clean
Krystal_Integrated_Services_Ltd_.pdf,447,33,80,47,32726,31937,1.025,0.878,"high_degree_of_risk,internal_risk_factors_header,header_bare_risk_factors,lose_all_or_part_investment",section_introduction,WROTE_NEW,certified_clean
LG_Electronics_India_Ltd_.pdf,502,42,104,62,50663,49487,1.024,0.953,"high_degree_of_risk,header_section_risk_factors,lose_all_or_part_investment",section_introduction,WROTE_NEW,certified_clean
Landmark_Cars_Ltd_.pdf,530,29,65,36,29204,28923,1.01,0.988,"high_degree_of_risk,internal_risk_factors_header,header_section_risk_factors,lose_all_or_part_investment",section_introduction,WROTE_NEW,certified_clean
Latent_View_Analytics_Ltd_.pdf,349,26,56,30,28333,27995,1.012,0.931,"high_degree_of_risk,internal_risk_factors_header,header_section_risk_factors,lose_all_or_part_investment",section_introduction,WROTE_NEW,certified_clean
Laxmi_Dental_Ltd_.pdf,610,40,121,81,51278,47027,1.09,0.992,"high_degree_of_risk,header_section_risk_factors,lose_all_or_part_investment",section_introduction,WROTE_NEW,certified_clean
Laxmi_India_Finance_Ltd_.pdf,527,37,76,39,30797,30559,1.008,0.914,"high_degree_of_risk,header_section_risk_factors,lose_all_or_part_investment",section_introduction,WROTE_NEW,certified_clean
Laxmi_Organic_Industries_Ltd_.pdf,413,27,65,38,28795,28641,1.005,0.99,"high_degree_of_risk,header_section_risk_factors,lose_all_or_part_investment",section_introduction,WROTE_NEW,certified_clean
Le_Travenues_Technology_Ltd_.pdf,533,34,73,39,28574,28399,1.006,0.962,"high_degree_of_risk,header_section_risk_factors,lose_all_or_part_investment",section_introduction,WROTE_NEW,certified_clean
Lenskart_Solutions_Ltd_.pdf,1083,68,118,50,43456,42629,1.019,0.979,"high_degree_of_risk,internal_risk_factors_header,header_section_risk_factors,lose_all_or_part_investment",section_introduction,WROTE_NEW,certified_clean
Life_Insurance_Corp_of_India.pdf,663,27,74,47,42645,42075,1.014,0.974,"high_degree_of_risk,internal_risk_factors_header,header_section_risk_factors,lose_all_or_part_investment",section_introduction,WROTE_NEW,certified_clean
Likhitha_Infrastructure_Ltd_.pdf,348,30,33,3,417,954,0.437,0.45,"carefully_consider_risks_described,header_bare_risk_factors",strict_next_section,KEPT_ORIGINAL,jaccard 0.45 < 0.5 (content mismatch)
MSTC_Ltd_.pdf,337,26,47,21,16472,16359,1.007,0.941,"high_degree_of_risk,internal_risk_factors_header,header_section_risk_factors,lose_all_or_part_investment",section_introduction,WROTE_NEW,certified_clean
MTAR_Technologies_Ltd_.pdf,568,29,66,37,28499,28361,1.005,0.983,"high_degree_of_risk,header_section_risk_factors,lose_all_or_part_investment",section_introduction,WROTE_NEW,certified_clean
M_B_Engineering_Ltd_.pdf,499,32,82,50,40715,40207,1.013,1.0,"high_degree_of_risk,header_section_risk_factors,lose_all_or_part_investment",section_introduction,WROTE_NEW,certified_clean
Macrotech_Developers_Ltd_.pdf,513,25,52,27,23235,23092,1.006,0.993,"high_degree_of_risk,internal_risk_factors_header,header_section_risk_factors,lose_all_or_part_investment",section_introduction,WROTE_NEW,certified_clean
Mamata_Machinery_Ltd_.pdf,477,38,70,32,23195,22482,1.032,0.926,"high_degree_of_risk,internal_risk_factors_header,header_section_risk_factors,lose_all_or_part_investment,material_adverse_effect_business",section_introduction,WROTE_NEW,certified_clean
Manaksia_Ltd_.pdf,360,16,34,18,9570,9510,1.006,0.993,"high_degree_of_risk,internal_risk_factors_header,header_section_risk_factors,lose_all_or_part_investment",section_introduction,WROTE_NEW,certified_clean
Manba_Finance_Ltd_.pdf,468,33,82,49,33025,32598,1.013,0.979,"high_degree_of_risk,internal_risk_factors_header,header_section_risk_factors,lose_all_or_part_investment",section_introduction,WROTE_NEW,certified_clean
Mangal_Electrical_Industries_Ltd_.pdf,466,25,31,6,2425,2334,1.039,0.829,"header_bare_risk_factors,material_adverse_effect_business",strict_next_section,WROTE_NEW,certified_clean
Mankind_Pharma_Ltd_.pdf,588,47,98,51,38393,38150,1.006,0.992,"high_degree_of_risk,internal_risk_factors_header,header_section_risk_factors,lose_all_or_part_investment",section_introduction,WROTE_NEW,certified_clean
Manoj_Vaibhav_Gems__N__Jewellers_Ltd_.pdf,416,,,0,0,0,,,,,SKIPPED_OCR,image-only PDF (132 chars in first 10 pages); existing .md kept as-is (Tesseract-OCR authoritative)
Mazagon_Dock_Shipbuilders_Ltd_.pdf,593,16,45,29,21458,21414,1.002,0.989,"high_degree_of_risk,internal_risk_factors_header,header_section_risk_factors,header_bare_risk_factors,lose_all_or_part_investment",section_introduction,WROTE_NEW,certified_clean
Medi_Assist_Healthcare_Services_Ltd_.pdf,452,32,76,44,31743,31478,1.008,0.973,"high_degree_of_risk,header_section_risk_factors,lose_all_or_part_investment",section_introduction,WROTE_NEW,certified_clean
Medplus_Health_Services_Ltd_.pdf,385,31,59,28,24795,24687,1.004,0.987,"high_degree_of_risk,header_section_risk_factors,lose_all_or_part_investment",section_introduction,WROTE_NEW,certified_clean
Meesho_Ltd_.pdf,689,94,141,47,29831,29444,1.013,0.968,"high_degree_of_risk,header_section_risk_factors,lose_all_or_part_investment",section_introduction,WROTE_NEW,certified_clean
Metro_Brands_Ltd_.pdf,508,30,61,31,25966,25797,1.007,0.993,"high_degree_of_risk,internal_risk_factors_header,header_section_risk_factors,lose_all_or_part_investment",section_introduction,WROTE_NEW,certified_clean
Metropolis_Healthcare_Ltd_.pdf,733,21,52,31,22599,22417,1.008,0.974,"high_degree_of_risk,internal_risk_factors_header,header_section_risk_factors,lose_all_or_part_investment",section_introduction,WROTE_NEW,certified_clean
Midwest_Ltd_.pdf,553,35,81,46,33487,32915,1.017,0.996,"high_degree_of_risk,header_section_risk_factors,lose_all_or_part_investment",section_introduction,WROTE_NEW,certified_clean
Motisons_Jewellers_Ltd_.pdf,492,38,95,57,31515,31506,1.0,0.982,"high_degree_of_risk,header_section_risk_factors,lose_all_or_part_investment",section_introduction,WROTE_NEW,plaintext_fallback_used
Mrs_Bectors_Food_Specialities_Ltd_.pdf,413,24,57,33,25471,25269,1.008,0.994,"high_degree_of_risk,internal_risk_factors_header,header_section_risk_factors",section_introduction,WROTE_NEW,certified_clean
Mukka_Proteins_Ltd_.pdf,554,48,109,61,38280,38275,1.0,0.98,"high_degree_of_risk,header_section_risk_factors",section_introduction,WROTE_NEW,plaintext_fallback_used
Muthoot_Microfin_Ltd_.pdf,520,35,69,34,30182,29375,1.027,0.928,"high_degree_of_risk,header_section_risk_factors,lose_all_or_part_investment",section_introduction,WROTE_NEW,certified_clean
NTPC_Green_Energy_Ltd_.pdf,643,35,98,63,46048,45057,1.022,0.939,"high_degree_of_risk,header_section_risk_factors,lose_all_or_part_investment",section_introduction,WROTE_NEW,certified_clean
National_Securities_Depository_Ltd_.pdf,480,33,111,78,48462,50949,0.951,0.999,"high_degree_of_risk,internal_risk_factors_header,header_section_risk_factors,lose_all_or_part_investment",section_introduction,WROTE_NEW,certified_clean
Nazara_Technologies_Ltd_.pdf,420,25,58,33,30317,30325,1.0,0.979,"high_degree_of_risk,internal_risk_factors_header,header_section_risk_factors,lose_all_or_part_investment",section_introduction,WROTE_NEW,certified_clean
Neogen_Chemicals_Ltd_.pdf,553,18,44,26,19962,19856,1.005,0.962,"high_degree_of_risk,header_section_risk_factors,lose_all_or_part_investment",section_introduction,WROTE_NEW,certified_clean
Nephrocare_Health_Services_Ltd_.pdf,648,53,119,66,48506,47770,1.015,0.985,"high_degree_of_risk,header_section_risk_factors,lose_all_or_part_investment",section_introduction,WROTE_NEW,certified_clean
Netweb_Technologies_India_Ltd_.pdf,506,35,72,37,27422,27797,0.987,0.975,"high_degree_of_risk,internal_risk_factors_header,header_section_risk_factors,lose_all_or_part_investment",section_introduction,WROTE_NEW,certified_clean
Niva_Bupa_Health_Insurance_Co_Ltd_.pdf,538,20,30,10,6827,6690,1.02,0.921,"header_bare_risk_factors,material_adverse_effect_business",strict_next_section,WROTE_NEW,certified_clean
Northern_Arc_Capital_Ltd_.pdf,579,37,84,47,39505,38875,1.016,0.975,"high_degree_of_risk,header_section_risk_factors,lose_all_or_part_investment",section_introduction,WROTE_NEW,certified_clean
Nova_AgriTech_Ltd_.pdf,462,32,68,36,30993,30627,1.012,0.995,"high_degree_of_risk,header_section_risk_factors,lose_all_or_part_investment",section_introduction,WROTE_NEW,certified_clean
Nureca_Ltd_.pdf,335,26,49,23,17372,17296,1.004,0.993,"high_degree_of_risk,header_section_risk_factors,lose_all_or_part_investment",section_introduction,WROTE_NEW,certified_clean
Nuvoco_Vistas_Corp_Ltd_.pdf,528,27,76,49,40864,40773,1.002,0.986,"high_degree_of_risk,header_section_risk_factors",section_introduction,WROTE_NEW,certified_clean
Ola_Electric_Mobility_Ltd_.pdf,461,32,82,50,42065,41872,1.005,0.965,"high_degree_of_risk,header_section_risk_factors,lose_all_or_part_investment",section_introduction,WROTE_NEW,certified_clean
Om_Freight_Forwarders_Ltd_.pdf,478,46,83,37,29330,29157,1.006,0.92,"high_degree_of_risk,header_section_risk_factors,lose_all_or_part_investment",section_introduction,WROTE_NEW,certified_clean
Om_Power_Transmission_Ltd_.pdf,530,27,79,52,39568,38775,1.02,0.985,"high_degree_of_risk,internal_risk_factors_header,header_section_risk_factors,lose_all_or_part_investment",section_introduction,WROTE_NEW,certified_clean
Omnitech_Engineering_Ltd_.pdf,570,36,90,54,34330,33902,1.013,0.97,"high_degree_of_risk,internal_risk_factors_header,header_section_risk_factors,lose_all_or_part_investment",section_introduction,WROTE_NEW,certified_clean
OnEMI_Technology_Solutions_Ltd_.pdf,464,23,64,41,39162,38589,1.015,0.94,"high_degree_of_risk,internal_risk_factors_header,carefully_consider_risks_described,header_section_risk_factors,lose_all_or_part_investment",section_introduction,WROTE_NEW,certified_clean
One_97_Communications_Ltd_.pdf,497,34,75,41,33870,33741,1.004,0.991,"high_degree_of_risk,header_section_risk_factors,lose_all_or_part_investment",section_introduction,WROTE_NEW,certified_clean
One_Mobikwik_Systems_Ltd_.pdf,524,33,84,51,41191,40900,1.007,0.997,"high_degree_of_risk,internal_risk_factors_header,header_section_risk_factors,lose_all_or_part_investment",section_introduction,WROTE_NEW,certified_clean
Orient_Technologies_Ltd_.pdf,479,32,65,33,23625,23235,1.017,0.889,"high_degree_of_risk,internal_risk_factors_header,header_section_risk_factors,lose_all_or_part_investment",section_introduction,WROTE_NEW,certified_clean
Orkla_India_Ltd_.pdf,535,40,90,50,38932,38057,1.023,0.988,"high_degree_of_risk,carefully_consider_risks_described,header_section_risk_factors,lose_all_or_part_investment",section_introduction,WROTE_NEW,certified_clean
Oswal_Pumps_Ltd_.pdf,582,36,87,51,38791,37887,1.024,0.959,"high_degree_of_risk,internal_risk_factors_header,header_section_risk_factors,lose_all_or_part_investment",section_introduction,WROTE_NEW,certified_clean
PB_Fintech_Ltd_.pdf,479,41,93,52,31886,31603,1.009,0.991,"high_degree_of_risk,internal_risk_factors_header,header_section_risk_factors,lose_all_or_part_investment",section_introduction,WROTE_NEW,certified_clean
PNGS_Reva_Diamond_Jewellery_Ltd_.pdf,476,41,78,37,25349,25050,1.012,0.918,"high_degree_of_risk,header_section_risk_factors,lose_all_or_part_investment",section_introduction,WROTE_NEW,certified_clean
P_N_Gadgil_Jewellers_Ltd_.pdf,412,22,32,10,6129,6088,1.007,0.824,"header_bare_risk_factors,material_adverse_effect_business",strict_next_section,WROTE_NEW,certified_clean
Pace_Digitek_Ltd_.pdf,599,26,41,15,6576,6390,1.029,0.884,"header_bare_risk_factors,material_adverse_effect_business",strict_next_section,WROTE_NEW,certified_clean
Paradeep_Phosphates_Ltd_.pdf,600,29,60,31,24957,24785,1.007,0.994,"high_degree_of_risk,header_section_risk_factors,lose_all_or_part_investment",section_introduction,WROTE_NEW,certified_clean
Paras_Defence___Space_Technologies_Ltd_.pdf,307,21,51,30,27944,27840,1.004,0.999,"high_degree_of_risk,internal_risk_factors_header,carefully_consider_risks_described,header_section_risk_factors,lose_all_or_part_investment,material_adverse_effect_business",section_introduction,WROTE_NEW,certified_clean
Park_Medi_World_Ltd_.pdf,581,38,82,44,36671,35847,1.023,0.947,"high_degree_of_risk,internal_risk_factors_header,header_section_risk_factors,lose_all_or_part_investment",the_offer_bare,WROTE_NEW,certified_clean
Patel_Retail_Ltd_.pdf,659,44,115,71,39103,40434,0.967,0.962,"high_degree_of_risk,header_section_risk_factors,lose_all_or_part_investment",section_introduction,WROTE_NEW,certified_clean
PhysicsWallah_Ltd_.pdf,669,56,115,59,45397,44545,1.019,0.974,"high_degree_of_risk,header_section_risk_factors,lose_all_or_part_investment",section_introduction,WROTE_NEW,certified_clean
Pine_Labs_Ltd_.pdf,642,63,109,46,43092,42588,1.012,0.982,"high_degree_of_risk,header_section_risk_factors,lose_all_or_part_investment",section_introduction,WROTE_NEW,certified_clean
Platinum_Industries_Ltd_.pdf,492,41,86,45,30352,30103,1.008,0.967,"high_degree_of_risk,header_section_risk_factors,lose_all_or_part_investment,material_adverse_effect_business",section_introduction,WROTE_NEW,certified_clean
Plaza_Wires_Ltd_.pdf,370,31,61,30,25147,25060,1.003,0.998,"internal_risk_factors_header,header_section_risk_factors,lose_all_or_part_investment,material_adverse_effect_business",section_introduction,WROTE_NEW,certified_clean
Polycab_India_Ltd_.pdf,634,21,52,31,25981,25769,1.008,0.998,"high_degree_of_risk,internal_risk_factors_header,header_section_risk_factors,lose_all_or_part_investment,material_adverse_effect_business",section_introduction,WROTE_NEW,certified_clean
Popular_Vehicles___Services_Ltd_.pdf,458,30,64,34,29098,28574,1.018,0.993,"high_degree_of_risk,internal_risk_factors_header,header_section_risk_factors,lose_all_or_part_investment",section_introduction,WROTE_NEW,certified_clean
Powerica_Ltd_.pdf,508,22,35,13,7452,7347,1.014,0.866,"header_bare_risk_factors,material_adverse_effect_business",strict_next_section,WROTE_NEW,certified_clean
Precision_Pipes___Profiles_Co_Ltd_.pdf,338,12,22,10,4718,4696,1.005,0.918,"high_degree_of_risk,internal_risk_factors_header,header_section_risk_factors,lose_all_or_part_investment,material_adverse_effect_business",section_introduction,WROTE_NEW,certified_clean
Premier_Energies_Ltd_.pdf,558,30,40,10,4512,4526,0.997,0.903,"header_bare_risk_factors,material_adverse_effect_business",strict_next_section,WROTE_NEW,certified_clean
Prince_Pipes___Fittings_Ltd_.pdf,506,18,47,29,20462,20424,1.002,0.992,"high_degree_of_risk,header_section_risk_factors,lose_all_or_part_investment,material_adverse_effect_business",section_introduction,WROTE_NEW,certified_clean
Prostarm_Info_Systems_Ltd_.pdf,540,37,92,55,34516,33928,1.017,0.989,"high_degree_of_risk,header_section_risk_factors",section_introduction,WROTE_NEW,certified_clean
Protean_eGov_Technologies_Ltd_.pdf,382,28,61,33,29477,29841,0.988,0.962,"high_degree_of_risk,header_section_risk_factors,lose_all_or_part_investment",section_introduction,WROTE_NEW,certified_clean
Prudent_Corporate_Advisory_Services_Ltd_.pdf,401,29,58,29,22563,22418,1.006,0.994,"high_degree_of_risk,internal_risk_factors_header,header_section_risk_factors,lose_all_or_part_investment",section_introduction,WROTE_NEW,certified_clean
Pyramid_Technoplast_Ltd_.pdf,368,28,59,31,22024,21828,1.009,0.968,"high_degree_of_risk,internal_risk_factors_header,header_section_risk_factors,lose_all_or_part_investment",section_introduction,WROTE_NEW,certified_clean
Quadrant_Future_Tek_Ltd_.pdf,515,30,38,8,3071,3015,1.019,0.976,"header_bare_risk_factors,material_adverse_effect_business",strict_next_section,WROTE_NEW,certified_clean
Quality_Power_Electrical_Equipments_Ltd_.pdf,435,25,55,30,25168,24635,1.022,0.894,"internal_risk_factors_header,header_section_risk_factors,material_adverse_effect_business",section_introduction,WROTE_NEW,certified_clean
RBZ_Jewellers_Ltd_.pdf,435,31,75,44,30524,30255,1.009,0.962,"high_degree_of_risk,header_section_risk_factors,lose_all_or_part_investment",section_introduction,WROTE_NEW,certified_clean
R_K_SWAMY_Ltd_.pdf,503,34,70,36,26808,26530,1.01,0.982,"high_degree_of_risk,header_section_risk_factors,lose_all_or_part_investment",section_introduction,WROTE_NEW,certified_clean
R_R_Kabel_Ltd_.pdf,485,32,70,38,31785,31398,1.012,0.973,"high_degree_of_risk,internal_risk_factors_header,header_section_risk_factors,lose_all_or_part_investment,material_adverse_effect_business",section_introduction,WROTE_NEW,certified_clean
Radiant_Cash_Management_Services_Ltd_.pdf,454,30,60,30,23615,23516,1.004,0.987,"high_degree_of_risk,carefully_consider_risks_described,header_section_risk_factors,lose_all_or_part_investment",section_introduction,WROTE_NEW,certified_clean
RailTel_Corp_of_India_Ltd_.pdf,405,26,60,34,25421,25365,1.002,0.995,"high_degree_of_risk,carefully_consider_risks_described,header_section_risk_factors,lose_all_or_part_investment",section_introduction,WROTE_NEW,certified_clean
Rail_Vikas_Nigam_Ltd_.pdf,523,20,37,17,12272,12219,1.004,0.995,"high_degree_of_risk,internal_risk_factors_header,header_section_risk_factors,header_bare_risk_factors,lose_all_or_part_investment",section_introduction,WROTE_NEW,certified_clean
Rainbow_Children_s_Medicare_Ltd_.pdf,646,51,92,41,25321,25154,1.007,0.973,"high_degree_of_risk,internal_risk_factors_header,header_section_risk_factors,lose_all_or_part_investment",section_introduction,WROTE_NEW,certified_clean
Rajputana_Stainless_Ltd_.pdf,542,35,44,9,3206,3171,1.011,0.931,"header_bare_risk_factors,material_adverse_effect_business",strict_next_section,WROTE_NEW,certified_clean
Rashi_Peripherals_Ltd_.pdf,522,36,85,49,37466,36630,1.023,0.906,"high_degree_of_risk,header_section_risk_factors,lose_all_or_part_investment",section_introduction,WROTE_NEW,certified_clean
Rategain_Travel_Technologies_Ltd_.pdf,378,26,61,35,28456,28328,1.005,0.987,"high_degree_of_risk,internal_risk_factors_header,header_section_risk_factors,lose_all_or_part_investment,material_adverse_effect_business",section_introduction,WROTE_NEW,certified_clean
Ratnaveer_Precision_Engineering_Ltd_.pdf,457,31,35,4,1252,1184,1.057,0.918,"carefully_consider_risks_described,header_bare_risk_factors",strict_next_section,WROTE_NEW,certified_clean
Regaal_Resources_Ltd_.pdf,573,35,77,42,27569,27145,1.016,0.983,"high_degree_of_risk,internal_risk_factors_header,header_section_risk_factors,lose_all_or_part_investment",section_introduction,WROTE_NEW,certified_clean
Rishabh_Instruments_Ltd_.pdf,521,34,88,54,41429,41030,1.01,0.965,"high_degree_of_risk,internal_risk_factors_header,header_section_risk_factors,lose_all_or_part_investment",section_introduction,WROTE_NEW,certified_clean
Rolex_Rings_Ltd_.pdf,351,24,51,27,20059,19977,1.004,0.993,"high_degree_of_risk,internal_risk_factors_header,header_section_risk_factors,lose_all_or_part_investment",section_introduction,WROTE_NEW,certified_clean
Rossari_Biotech_Ltd_.pdf,363,26,55,29,22016,21932,1.004,0.996,"high_degree_of_risk,internal_risk_factors_header,header_section_risk_factors,lose_all_or_part_investment",section_introduction,WROTE_NEW,certified_clean
Route_Mobile_Ltd_.pdf,468,25,57,32,24092,24021,1.003,0.982,"high_degree_of_risk,header_section_risk_factors,lose_all_or_part_investment",section_introduction,WROTE_NEW,certified_clean
Rubicon_Research_Ltd_.pdf,626,29,34,5,2201,2144,1.027,0.937,"header_bare_risk_factors,material_adverse_effect_business",strict_next_section,WROTE_NEW,certified_clean
SAMHI_Hotels_Ltd_.pdf,570,35,82,47,34275,33857,1.012,0.955,"high_degree_of_risk,internal_risk_factors_header,header_section_risk_factors,lose_all_or_part_investment",section_introduction,WROTE_NEW,certified_clean
SBFC_Finance_Ltd_.pdf,576,30,67,37,27834,27697,1.005,0.823,"high_degree_of_risk,header_section_risk_factors,lose_all_or_part_investment",section_introduction,WROTE_NEW,certified_clean
SBI_Cards___Payment_Services_Ltd_.pdf,485,30,59,29,22979,22840,1.006,0.994,"high_degree_of_risk,carefully_consider_risks_described,header_section_risk_factors,lose_all_or_part_investment,material_adverse_effect_business",section_introduction,WROTE_NEW,certified_clean
SEDEMAC_Mechatronics_Ltd_.pdf,582,24,36,12,7986,7939,1.006,0.843,"header_bare_risk_factors,material_adverse_effect_business",strict_next_section,WROTE_NEW,certified_clean
SRM_Contractors_Ltd_.pdf,424,34,78,44,28454,28879,0.985,0.992,"high_degree_of_risk,header_section_risk_factors",section_introduction,WROTE_NEW,certified_clean
S_J_S_Enterprises_Ltd_.pdf,361,27,61,34,28133,29164,0.965,0.994,"high_degree_of_risk,header_section_risk_factors",section_introduction,WROTE_NEW,certified_clean
Saatvik_Green_Energy_Ltd_.pdf,618,23,55,32,11160,11399,0.979,0.916,"header_bare_risk_factors,material_adverse_effect_business",strict_next_section,WROTE_NEW,certified_clean
Sagility_India_Ltd_.pdf,494,43,78,35,25596,24975,1.025,0.993,"high_degree_of_risk,header_section_risk_factors,lose_all_or_part_investment",section_introduction,WROTE_NEW,certified_clean
Sah_Polymers_Ltd_.pdf,377,29,67,38,32566,32282,1.009,0.969,"high_degree_of_risk,internal_risk_factors_header,header_section_risk_factors,lose_all_or_part_investment",section_introduction,WROTE_NEW,certified_clean
Sai_Life_Sciences_Ltd_.pdf,445,28,69,41,35098,34262,1.024,0.928,"high_degree_of_risk,internal_risk_factors_header,header_section_risk_factors,lose_all_or_part_investment",section_introduction,WROTE_NEW,certified_clean
Sai_Parenteral_s_Ltd_.pdf,510,41,92,51,36196,35119,1.031,0.949,"high_degree_of_risk,internal_risk_factors_header,header_section_risk_factors",section_introduction,WROTE_NEW,certified_clean
Sai_Silks__Kalamandir__Ltd_.pdf,216,,,0,0,0,,,,,NO_ANCHOR,no strong Risk Factors anchor found in any page; existing .md kept as-is; needs manual review
Sambhv_Steel_Tubes_Ltd_.pdf,602,43,117,74,42841,41410,1.035,0.823,"high_degree_of_risk,header_section_risk_factors,lose_all_or_part_investment",section_introduction,WROTE_NEW,certified_clean
Sanathan_Textiles_Ltd_.pdf,564,38,92,54,38468,37783,1.018,0.978,"high_degree_of_risk,internal_risk_factors_header,header_section_risk_factors,lose_all_or_part_investment",section_introduction,WROTE_NEW,certified_clean
Sansera_Engineering_Ltd_.pdf,383,24,56,32,29745,29555,1.006,0.979,"internal_risk_factors_header,header_section_risk_factors,lose_all_or_part_investment,material_adverse_effect_business",section_introduction,WROTE_NEW,certified_clean
Sanstar_Ltd_.pdf,510,37,80,43,33083,32590,1.015,0.979,"high_degree_of_risk,header_bare_risk_factors,lose_all_or_part_investment",the_offer_bare,WROTE_NEW,certified_clean
Sapphire_Foods_India_Ltd_.pdf,498,31,83,52,36339,35980,1.01,0.992,"high_degree_of_risk,internal_risk_factors_header,header_section_risk_factors,lose_all_or_part_investment",section_introduction,WROTE_NEW,certified_clean
Saraswati_Saree_Depot_Ltd_.pdf,398,33,45,12,3900,3774,1.033,0.791,"header_bare_risk_factors,material_adverse_effect_business",strict_next_section,WROTE_NEW,certified_clean
Schloss_Bangalore_Ltd_.pdf,610,38,100,62,48150,47257,1.019,0.988,"high_degree_of_risk,header_section_risk_factors,lose_all_or_part_investment",section_introduction,WROTE_NEW,certified_clean
Scoda_Tubes_Ltd_.pdf,430,35,84,49,34633,34302,1.01,0.936,"high_degree_of_risk,header_section_risk_factors,lose_all_or_part_investment",section_introduction,WROTE_NEW,certified_clean
Senco_Gold_Ltd_.pdf,499,32,77,45,34937,34839,1.003,0.992,"high_degree_of_risk,internal_risk_factors_header,header_section_risk_factors",section_introduction,WROTE_NEW,certified_clean
Senores_Pharmaceuticals_Ltd_.pdf,535,38,89,51,41676,40422,1.031,0.931,"high_degree_of_risk,header_section_risk_factors,lose_all_or_part_investment",section_introduction,WROTE_NEW,certified_clean
Seshaasai_Technologies_Ltd_.pdf,562,34,71,37,29032,28651,1.013,0.953,"high_degree_of_risk,internal_risk_factors_header,header_section_risk_factors,lose_all_or_part_investment",section_introduction,WROTE_NEW,certified_clean
Shadowfax_Technologies_Ltd_.pdf,422,34,69,35,31775,31032,1.024,0.99,"high_degree_of_risk,header_section_risk_factors,lose_all_or_part_investment",section_introduction,WROTE_NEW,certified_clean
Shanti_Gold_International_Ltd_.pdf,393,32,73,41,30152,29432,1.024,0.98,"high_degree_of_risk,internal_risk_factors_header,header_section_risk_factors,lose_all_or_part_investment,material_adverse_effect_business",section_introduction,WROTE_NEW,certified_clean
Shree_Ram_Twistex_Ltd_.pdf,426,32,39,7,2689,2749,0.978,0.761,"header_bare_risk_factors,material_adverse_effect_business",strict_next_section,WROTE_NEW,certified_clean
Shree_Tirupati_Balajee_Agro_Trading_Co_Ltd_.pdf,479,39,79,40,27646,27305,1.012,0.994,"high_degree_of_risk,header_section_risk_factors,lose_all_or_part_investment",section_introduction,WROTE_NEW,certified_clean
Shreeji_Shipping_Global_Ltd_.pdf,473,41,87,46,31576,31515,1.002,0.97,"high_degree_of_risk,header_section_risk_factors,lose_all_or_part_investment",section_introduction,WROTE_NEW,certified_clean
Shringar_House_of_Mangalsutra_Ltd_.pdf,437,36,80,44,29910,29594,1.011,0.963,"high_degree_of_risk,header_section_risk_factors",section_introduction,WROTE_NEW,certified_clean
Shriram_Properties_Ltd_.pdf,427,21,49,28,25723,25552,1.007,0.999,"high_degree_of_risk,internal_risk_factors_header,header_section_risk_factors,lose_all_or_part_investment",section_introduction,WROTE_NEW,certified_clean
Shyam_Metalics___Energy_Ltd_.pdf,443,21,51,30,27647,27521,1.005,0.993,"high_degree_of_risk,header_section_risk_factors,lose_all_or_part_investment",section_introduction,WROTE_NEW,certified_clean
Sigachi_Industries_Ltd_.pdf,392,24,62,38,30551,30360,1.006,0.994,"high_degree_of_risk,header_section_risk_factors,lose_all_or_part_investment",section_introduction,WROTE_NEW,certified_clean
Signatureglobal__India__Ltd_.pdf,532,33,70,37,32445,32020,1.013,0.982,"high_degree_of_risk,header_section_risk_factors,lose_all_or_part_investment",section_introduction,WROTE_NEW,certified_clean
Smartworks_Coworking_Spaces_Ltd_.pdf,583,42,112,70,48331,48038,1.006,0.878,"high_degree_of_risk,internal_risk_factors_header,header_section_risk_factors,lose_all_or_part_investment",section_introduction,WROTE_NEW,certified_clean
Solarworld_Energy_Solutions_Ltd_.pdf,495,34,76,42,31917,31819,1.003,0.954,"high_degree_of_risk,header_section_risk_factors",section_introduction,WROTE_NEW,certified_clean
Sona_BLW_Precision_Forgings_Ltd_.pdf,469,28,61,33,30359,30221,1.005,0.953,"high_degree_of_risk,header_section_risk_factors,lose_all_or_part_investment",section_introduction,WROTE_NEW,certified_clean
Spandana_Sphoorty_Financial_Ltd_.pdf,505,18,43,25,20729,20582,1.007,0.997,"high_degree_of_risk,internal_risk_factors_header,header_section_risk_factors,lose_all_or_part_investment,material_adverse_effect_business",section_introduction,WROTE_NEW,certified_clean
Sri_Lotus_Developers___Realty_Ltd_.pdf,529,28,40,12,4529,4218,1.074,0.954,"header_bare_risk_factors,material_adverse_effect_business",strict_next_section,WROTE_NEW,certified_clean
Stallion_India_Fluorochemicals_Ltd_.pdf,384,32,67,35,21932,21629,1.014,0.988,"internal_risk_factors_header,header_section_risk_factors,material_adverse_effect_business",section_introduction,WROTE_NEW,certified_clean
Standard_Glass_Lining_Technology_Ltd_.pdf,593,32,61,29,9290,9027,1.029,0.916,"header_bare_risk_factors,material_adverse_effect_business",strict_next_section,WROTE_NEW,certified_clean
Stanley_Lifestyles_Ltd_.pdf,468,32,77,45,37277,36664,1.017,0.95,"high_degree_of_risk,header_section_risk_factors,lose_all_or_part_investment",section_introduction,WROTE_NEW,certified_clean
Star_Health___Allied_Insurance_Co_Ltd_.pdf,474,28,64,36,33571,33458,1.003,0.996,"high_degree_of_risk,header_section_risk_factors,lose_all_or_part_investment",section_introduction,WROTE_NEW,certified_clean
Sterling___Wilson_Solar_Ltd_.pdf,514,28,56,28,21590,21461,1.006,0.969,"high_degree_of_risk,internal_risk_factors_header,header_section_risk_factors,lose_all_or_part_investment",section_introduction,WROTE_NEW,certified_clean
Stove_Kraft_Ltd_.pdf,315,20,48,28,26836,26628,1.008,0.998,"high_degree_of_risk,internal_risk_factors_header,header_section_risk_factors,lose_all_or_part_investment,material_adverse_effect_business",section_introduction,WROTE_NEW,certified_clean
Studds_Accessories_Ltd_.pdf,561,24,30,6,3233,3185,1.015,0.824,"header_bare_risk_factors,material_adverse_effect_business",strict_next_section,WROTE_NEW,certified_clean
Sudeep_Pharma_Ltd_.pdf,552,38,74,36,32263,31693,1.018,0.928,"high_degree_of_risk,internal_risk_factors_header,header_section_risk_factors,lose_all_or_part_investment",section_introduction,WROTE_NEW,certified_clean
Sula_Vineyards_Ltd_.pdf,483,34,77,43,32946,32679,1.008,0.994,"high_degree_of_risk,header_section_risk_factors,lose_all_or_part_investment,material_adverse_effect_business",section_introduction,WROTE_NEW,certified_clean
Supriya_Lifescience_Ltd_.pdf,377,25,49,24,17550,17434,1.007,0.951,"internal_risk_factors_header,header_section_risk_factors,lose_all_or_part_investment",section_introduction,WROTE_NEW,certified_clean
Suraj_Estate_Developers_Ltd_.pdf,532,35,103,68,41649,41700,0.999,0.955,"high_degree_of_risk,header_section_risk_factors,lose_all_or_part_investment",section_introduction,WROTE_NEW,certified_clean
Suraksha_Diagnostic_Ltd_.pdf,477,35,79,44,31098,30646,1.015,0.94,"high_degree_of_risk,internal_risk_factors_header,header_section_risk_factors,lose_all_or_part_investment",section_introduction,WROTE_NEW,certified_clean
Suryoday_Small_Finance_Bank_Ltd_.pdf,452,24,59,35,32515,32480,1.001,0.994,"high_degree_of_risk,header_section_risk_factors,header_bare_risk_factors",section_introduction,WROTE_NEW,certified_clean
Swiggy_Ltd_.pdf,541,37,75,38,34053,33584,1.014,0.967,"high_degree_of_risk,header_section_risk_factors,lose_all_or_part_investment",section_introduction,WROTE_NEW,certified_clean
Syrma_SGS_Technology_Ltd_.pdf,779,33,71,38,29828,29685,1.005,0.999,"high_degree_of_risk,header_section_risk_factors,lose_all_or_part_investment",section_introduction,WROTE_NEW,certified_clean
TBO_Tek_Ltd_.pdf,478,32,83,51,39811,40430,0.985,0.969,"high_degree_of_risk,header_section_risk_factors,lose_all_or_part_investment",section_introduction,WROTE_NEW,certified_clean
TVS_Supply_Chain_Solutions_Ltd_.pdf,710,41,78,37,29244,28983,1.009,0.99,"high_degree_of_risk,internal_risk_factors_header,header_section_risk_factors,lose_all_or_part_investment",section_introduction,WROTE_NEW,certified_clean
Tamilnad_Mercantile_Bank_Ltd_.pdf,556,23,62,39,29936,29752,1.006,0.999,"high_degree_of_risk,internal_risk_factors_header,header_section_risk_factors,lose_all_or_part_investment",section_introduction,WROTE_NEW,certified_clean
Tarsons_Products_Ltd_.pdf,326,25,53,28,24548,24470,1.003,0.991,"high_degree_of_risk,carefully_consider_risks_described,header_section_risk_factors,lose_all_or_part_investment",section_introduction,WROTE_NEW,certified_clean
Tata_Capital_Ltd_.pdf,836,53,101,48,43227,42136,1.026,0.969,"high_degree_of_risk,header_section_risk_factors,lose_all_or_part_investment",section_introduction,WROTE_NEW,certified_clean
Tata_Technologies_Ltd_.pdf,504,36,74,38,32641,32296,1.011,0.981,"high_degree_of_risk,internal_risk_factors_header,header_section_risk_factors,material_adverse_effect_business",section_introduction,WROTE_NEW,certified_clean
Tatva_Chintan_Pharma_Chem_Ltd_.pdf,373,24,58,34,26609,26508,1.004,0.99,"high_degree_of_risk,header_section_risk_factors,lose_all_or_part_investment",section_introduction,WROTE_NEW,certified_clean
Tega_Industries_Ltd_.pdf,428,25,66,41,30704,30389,1.01,0.915,"high_degree_of_risk,internal_risk_factors_header,header_section_risk_factors",section_introduction,WROTE_NEW,certified_clean
Tenneco_Clean_Air_India_Ltd_.pdf,604,48,107,59,41710,41043,1.016,0.856,"high_degree_of_risk,header_section_risk_factors,lose_all_or_part_investment",section_introduction,WROTE_NEW,certified_clean
Tolins_Tyres_Ltd_.pdf,548,41,99,58,39560,38914,1.017,0.957,"high_degree_of_risk,internal_risk_factors_header,header_bare_risk_factors,lose_all_or_part_investment",the_offer_bare,WROTE_NEW,certified_clean
Tracxn_Technologies_Ltd_.pdf,482,30,66,36,28929,28661,1.009,0.99,"high_degree_of_risk,internal_risk_factors_header,header_section_risk_factors,lose_all_or_part_investment",section_introduction,WROTE_NEW,certified_clean
Transrail_Lighting_Ltd_.pdf,473,35,71,36,29969,29483,1.016,0.995,"high_degree_of_risk,internal_risk_factors_header,header_section_risk_factors,lose_all_or_part_investment",section_introduction,WROTE_NEW,certified_clean
Travel_Food_Services_Ltd_.pdf,541,39,92,53,39918,39420,1.013,0.968,"high_degree_of_risk,header_section_risk_factors,lose_all_or_part_investment",section_introduction,WROTE_NEW,certified_clean
Trualt_Bioenergy_Ltd_.pdf,678,35,87,52,41033,40301,1.018,0.951,"high_degree_of_risk,header_section_risk_factors,lose_all_or_part_investment",section_introduction,WROTE_NEW,certified_clean
Turtlemint_Fintech_Solutions_Ltd_.pdf,708,26,94,68,55507,54659,1.016,0.968,"high_degree_of_risk,carefully_consider_risks_described,header_section_risk_factors,lose_all_or_part_investment",section_introduction,WROTE_NEW,certified_clean
UTI_Asset_Management_Co_Ltd_.pdf,367,14,35,21,15326,15329,1.0,0.984,"high_degree_of_risk,header_section_risk_factors",section_introduction,WROTE_NEW,certified_clean
Udayshivakumar_Infra_Ltd_.pdf,397,29,73,44,33505,33238,1.008,0.947,"high_degree_of_risk,internal_risk_factors_header,header_section_risk_factors,lose_all_or_part_investment",section_introduction,WROTE_NEW,certified_clean
Ujjivan_Small_Finance_Bank_Ltd_.pdf,362,23,53,30,29022,28889,1.005,0.999,"high_degree_of_risk,header_section_risk_factors",section_introduction,WROTE_NEW,certified_clean
Uma_Exports_Ltd_.pdf,357,24,65,41,25696,25392,1.012,0.961,"high_degree_of_risk,header_section_risk_factors,lose_all_or_part_investment",section_introduction,WROTE_NEW,certified_clean
Unicommerce_eSolutions_Ltd_.pdf,382,33,72,39,31449,32708,0.962,0.999,"high_degree_of_risk,internal_risk_factors_header,header_section_risk_factors,lose_all_or_part_investment",section_introduction,WROTE_NEW,certified_clean
Unimech_Aerospace___Manufacturing_Ltd_.pdf,456,31,87,56,44788,42885,1.044,0.933,"high_degree_of_risk,header_section_risk_factors",section_introduction,WROTE_NEW,certified_clean
Uniparts_India_Ltd_.pdf,477,29,77,48,37425,36880,1.015,0.956,"high_degree_of_risk,internal_risk_factors_header,header_section_risk_factors",section_introduction,WROTE_NEW,certified_clean
Updater_Services_Ltd_.pdf,592,37,92,55,41088,41148,0.999,0.993,"high_degree_of_risk,internal_risk_factors_header,header_section_risk_factors,lose_all_or_part_investment",section_introduction,WROTE_NEW,certified_clean
Urban_Co_Ltd_.pdf,577,37,91,54,39911,39474,1.011,0.97,"high_degree_of_risk,header_section_risk_factors,lose_all_or_part_investment",section_introduction,WROTE_NEW,certified_clean
Utkarsh_Small_Finance_Bank_Ltd_.pdf,459,28,75,47,39004,38560,1.012,0.992,"high_degree_of_risk,header_section_risk_factors,lose_all_or_part_investment,material_adverse_effect_business",section_introduction,WROTE_NEW,certified_clean
VMS_TMT_Ltd_.pdf,473,34,88,54,36809,35908,1.025,0.977,"high_degree_of_risk,header_section_risk_factors,lose_all_or_part_investment",section_introduction,WROTE_NEW,certified_clean
Valiant_Laboratories_Ltd_.pdf,440,34,41,7,2413,2414,1.0,0.876,"header_bare_risk_factors,material_adverse_effect_business",strict_next_section,WROTE_NEW,certified_clean
Vedant_Fashions_Ltd_.pdf,410,28,59,31,24407,24275,1.005,0.997,"high_degree_of_risk,internal_risk_factors_header,header_section_risk_factors,lose_all_or_part_investment",section_introduction,WROTE_NEW,certified_clean
Ventive_Hospitality_Ltd_.pdf,736,48,103,55,44062,43900,1.004,0.987,"high_degree_of_risk,header_section_risk_factors,header_bare_risk_factors,lose_all_or_part_investment",section_introduction,WROTE_NEW,certified_clean
Venus_Pipes___Tubes_Ltd_.pdf,377,25,66,41,30967,30776,1.006,0.987,"high_degree_of_risk,header_section_risk_factors,lose_all_or_part_investment",section_introduction,WROTE_NEW,certified_clean
Veranda_Learning_Solutions_Ltd_.pdf,409,33,62,29,19328,19321,1.0,0.981,"internal_risk_factors_header,header_section_risk_factors,lose_all_or_part_investment",section_introduction,WROTE_NEW,certified_clean
Vibhor_Steel_Tubes_Ltd_.pdf,468,29,64,35,22674,22486,1.008,0.953,"carefully_consider_risks_described,header_bare_risk_factors,lose_all_or_part_investment,material_adverse_effect_business",section_introduction,WROTE_NEW,certified_clean
Vidya_Wires_Ltd_.pdf,477,35,71,36,25804,25294,1.02,0.898,"high_degree_of_risk,internal_risk_factors_header,header_section_risk_factors,lose_all_or_part_investment",section_introduction,WROTE_NEW,certified_clean
Vijaya_Diagnostic_Centre_Ltd_.pdf,306,23,43,20,18693,18614,1.004,0.996,"high_degree_of_risk,internal_risk_factors_header,header_section_risk_factors,lose_all_or_part_investment",section_introduction,WROTE_NEW,certified_clean
Vikram_Solar_Ltd_.pdf,599,34,42,8,2507,2656,0.944,0.897,"header_bare_risk_factors,material_adverse_effect_business",strict_next_section,WROTE_NEW,certified_clean
Vikran_Engineering_Ltd_.pdf,519,42,93,51,40111,39664,1.011,0.988,"high_degree_of_risk,internal_risk_factors_header,header_section_risk_factors,lose_all_or_part_investment",section_introduction,WROTE_NEW,certified_clean
Vishal_Mega_Mart_Ltd_.pdf,380,26,61,35,26572,25884,1.027,0.927,"high_degree_of_risk,internal_risk_factors_header,header_section_risk_factors,lose_all_or_part_investment",section_introduction,WROTE_NEW,certified_clean
Vishnu_Prakash_R_Punglia_Ltd_.pdf,549,50,104,54,31085,30812,1.009,0.946,"internal_risk_factors_header,header_section_risk_factors,lose_all_or_part_investment",section_introduction,WROTE_NEW,certified_clean
Vishwaraj_Sugar_Industries_Ltd_.pdf,369,18,47,29,21767,22264,0.978,0.988,"high_degree_of_risk,header_section_risk_factors,lose_all_or_part_investment",section_introduction,WROTE_NEW,certified_clean
Vraj_Iron___Steel_Ltd_.pdf,441,28,35,7,2725,2611,1.044,0.942,"header_bare_risk_factors,material_adverse_effect_business",strict_next_section,WROTE_NEW,certified_clean
Waaree_Energies_Ltd_.pdf,626,35,93,58,40723,39955,1.019,0.966,"high_degree_of_risk,internal_risk_factors_header,header_section_risk_factors,lose_all_or_part_investment,material_adverse_effect_business",section_introduction,WROTE_NEW,certified_clean
Wakefit_Innovations_Ltd_.pdf,482,36,70,34,30827,30321,1.017,0.967,"high_degree_of_risk,internal_risk_factors_header,header_section_risk_factors,lose_all_or_part_investment",section_introduction,WROTE_NEW,certified_clean
Waterways_Leisure_Tourism_Ltd_.pdf,424,23,67,44,33403,33734,0.99,0.964,"high_degree_of_risk,header_section_risk_factors,lose_all_or_part_investment",section_introduction,WROTE_NEW,certified_clean
WeWork_India_Management_Ltd_.pdf,632,48,72,24,18675,17749,1.052,0.983,"high_degree_of_risk,header_section_risk_factors,lose_all_or_part_investment",the_offer_bare,WROTE_NEW,certified_clean
Western_Carriers__India__Ltd_.pdf,424,31,72,41,30705,30207,1.016,0.952,"high_degree_of_risk,header_section_risk_factors,lose_all_or_part_investment",section_introduction,WROTE_NEW,certified_clean
Windlas_Biotech_Ltd_.pdf,346,21,56,35,34314,34135,1.005,0.999,"high_degree_of_risk,internal_risk_factors_header,header_section_risk_factors,lose_all_or_part_investment",section_introduction,WROTE_NEW,certified_clean
Xelpmoc_Design___Tech_Ltd_.pdf,415,17,45,28,21912,21863,1.002,0.989,"high_degree_of_risk,header_section_risk_factors,lose_all_or_part_investment",section_introduction,WROTE_NEW,certified_clean
Yatharth_Hospital___Trauma_Care_Services_Ltd_.pdf,451,28,76,48,35286,34876,1.012,0.983,"high_degree_of_risk,header_section_risk_factors,lose_all_or_part_investment",section_introduction,WROTE_NEW,certified_clean
Yatra_Online_Ltd_.pdf,640,36,87,51,38884,38216,1.017,0.936,"high_degree_of_risk,header_section_risk_factors,lose_all_or_part_investment",section_introduction,WROTE_NEW,certified_clean
Zaggle_Prepaid_Ocean_Services_Ltd_.pdf,363,34,71,37,28530,28131,1.014,0.969,"high_degree_of_risk,header_section_risk_factors,lose_all_or_part_investment",section_introduction,WROTE_NEW,certified_clean
Zinka_Logistics_Solutions_Ltd_.pdf,473,37,71,34,31475,30622,1.028,0.969,"high_degree_of_risk,carefully_consider_risks_described,header_section_risk_factors,lose_all_or_part_investment",section_introduction,WROTE_NEW,certified_clean
Zomato_Ltd_.pdf,420,38,71,33,28132,28046,1.003,0.989,"high_degree_of_risk,header_section_risk_factors,lose_all_or_part_investment",section_introduction,WROTE_NEW,certified_clean
eMudhra_Ltd_.pdf,450,38,82,44,34440,34290,1.004,0.994,"high_degree_of_risk,internal_risk_factors_header,header_section_risk_factors,lose_all_or_part_investment",section_introduction,WROTE_NEW,certified_clean
ideaForge_Technology_Ltd_.pdf,459,32,64,32,25499,25291,1.008,0.979,"high_degree_of_risk,header_section_risk_factors,lose_all_or_part_investment",section_introduction,WROTE_NEW,certified_clean
